customer_id,age,gender,employment_status,annual_income,credit_score,loan_amount,interest_rate,loan_term,payment_history,days_past_due,previous_defaults,recovery_status,monthly_payment,debt_to_income
CUST000001,60,Male,Employed,71598.18,564,49360.96,10.6,24,Fair,0,0,1,2291.55,0.3841
CUST000002,50,Male,Retired,57994.88,548,25560.04,9.58,12,Poor,13,0,1,2242.13,0.4639
CUST000003,36,Female,Self-employed,50655.31,461,5430.32,12.95,24,Fair,0,2,1,258.04,0.0611
CUST000004,64,Male,Self-employed,86661.6,549,56164.0,11.17,12,Poor,34,3,0,4968.27,0.688
CUST000005,29,Female,Self-employed,96819.6,769,99971.67,5.67,24,Excellent,0,0,1,4415.97,0.5473
CUST000006,42,Female,Retired,29886.69,369,12494.97,12.69,24,Poor,66,1,0,592.19,0.2378
CUST000007,60,Male,Unemployed,12923.69,335,6004.39,13.63,12,Very Poor,188,2,0,538.08,0.4996
CUST000008,40,Male,Self-employed,22500.66,422,13327.24,12.75,24,Fair,43,3,0,632.06,0.3371
CUST000009,44,Male,Self-employed,102205.73,780,103889.38,6.44,48,Good,0,0,1,2460.85,0.2889
CUST000010,32,Female,Employed,55690.04,535,33854.76,10.77,60,Fair,0,0,1,732.13,0.1578
CUST000011,32,Male,Employed,76131.28,544,29464.19,11.86,36,Very Poor,225,1,0,976.7,0.1539
CUST000012,45,Female,Employed,64120.99,541,31792.5,9.9,24,Fair,14,0,1,1465.64,0.2743
CUST000013,57,Female,Employed,56296.7,491,30092.47,10.44,24,Poor,32,2,0,1394.74,0.2973
CUST000014,61,Female,Employed,28143.94,410,7470.02,13.0,36,Fair,47,0,1,251.69,0.1073
CUST000015,45,Male,Employed,31700.95,488,12987.89,9.89,24,Very Poor,42,1,0,598.66,0.2266
CUST000016,24,Male,Employed,8137.08,300,4227.05,15.0,36,Poor,7,2,0,146.53,0.2161
CUST000017,43,Female,Self-employed,58121.6,511,30199.48,11.26,12,Fair,0,0,1,2672.77,0.5518
CUST000018,23,Male,Unemployed,37782.49,426,13015.17,12.37,48,Poor,106,1,0,345.12,0.1096
CUST000019,45,Male,Employed,34241.05,374,15017.78,13.26,48,Poor,62,2,0,404.84,0.1419
CUST000020,51,Male,Employed,7371.36,358,4904.08,14.86,60,Poor,16,1,1,116.3,0.1893
CUST000021,59,Female,Unemployed,24626.69,327,8250.37,15.0,24,Very Poor,178,1,0,400.03,0.1949
CUST000022,23,Female,Employed,107274.36,664,80010.8,8.14,60,Good,4,0,1,1627.52,0.1821
CUST000023,42,Male,Self-employed,83937.63,678,21383.0,8.72,12,Excellent,0,0,1,1867.19,0.2669
CUST000024,54,Female,Employed,65774.65,638,15049.81,9.72,48,Good,0,0,1,379.67,0.0693
CUST000025,33,Male,Employed,53802.36,511,38522.85,11.5,12,Poor,103,2,0,3413.69,0.7614
CUST000026,43,Male,Retired,13086.14,300,5323.89,14.79,12,Poor,84,2,0,480.01,0.4402
CUST000027,46,Male,Employed,30985.76,388,8574.8,13.78,24,Poor,93,3,0,410.81,0.1591
CUST000028,48,Male,Self-employed,65497.4,612,55216.51,8.29,12,Good,3,1,1,4810.56,0.8814
CUST000029,63,Female,Self-employed,59746.34,544,35875.31,10.63,48,Poor,37,2,0,920.87,0.185
CUST000030,49,Female,Employed,57696.54,525,32368.84,10.68,60,Very Poor,55,1,0,698.56,0.1453
CUST000031,37,Female,Self-employed,99879.74,715,84923.2,7.06,48,Excellent,0,0,1,2036.14,0.2446
CUST000032,36,Male,Retired,31272.43,423,6756.05,11.04,24,Poor,69,1,0,315.0,0.1209
CUST000033,24,Male,Employed,76994.34,685,53266.98,6.97,48,Good,9,0,1,1274.86,0.1987
CUST000034,58,Male,Unemployed,9247.1,300,4810.39,14.51,36,Poor,17,2,0,165.61,0.2149
CUST000035,28,Female,Employed,80764.79,579,56318.0,10.82,60,Fair,25,0,0,1219.51,0.1812
CUST000036,42,Male,Employed,61727.35,477,24673.97,12.07,36,Poor,95,0,0,820.33,0.1595
CUST000037,30,Female,Employed,51283.39,478,24463.82,12.7,36,Very Poor,87,2,0,820.79,0.1921
CUST000038,60,Female,Employed,61385.88,490,23829.96,12.79,24,Fair,59,1,0,1130.55,0.221
CUST000039,39,Female,Unemployed,12064.61,359,5894.03,14.26,12,Poor,93,1,0,529.92,0.5271
CUST000040,25,Female,Unemployed,16131.34,365,8301.69,13.96,36,Fair,6,2,0,283.56,0.2109
CUST000041,46,Female,Employed,75162.12,546,39152.44,9.55,48,Poor,97,1,1,984.65,0.1572
CUST000042,35,Female,Self-employed,72383.53,618,41901.34,11.2,12,Fair,0,0,1,3707.31,0.6146
CUST000043,30,Male,Employed,52608.62,586,22563.52,8.38,48,Fair,0,0,1,554.9,0.1266
CUST000044,47,Male,Employed,37529.68,468,16250.21,12.06,48,Fair,43,1,1,428.44,0.137
CUST000045,23,Female,Self-employed,92375.34,542,55326.6,11.43,12,Poor,8,2,1,4901.03,0.6367
CUST000046,41,Female,Employed,66965.44,667,52405.74,9.17,12,Good,29,0,1,4587.19,0.822
CUST000047,49,Male,Employed,36361.14,482,19604.2,10.54,48,Poor,26,1,0,502.27,0.1658
CUST000048,28,Female,Self-employed,100064.83,798,100788.14,5.53,24,Excellent,0,0,1,4445.48,0.5331
CUST000049,29,Female,Employed,36036.32,498,22565.19,10.6,60,Poor,94,2,0,486.14,0.1619
CUST000050,56,Male,Employed,80584.44,686,45390.72,6.0,60,Fair,2,0,1,877.56,0.1307
CUST000051,35,Female,Employed,73757.27,605,44172.84,9.58,24,Fair,39,0,0,2029.9,0.3303
CUST000052,38,Female,Employed,68393.31,560,51423.76,9.56,12,Fair,28,0,1,4510.33,0.7914
CUST000053,57,Female,Self-employed,63690.15,573,34287.17,11.54,48,Poor,115,2,0,895.22,0.1687
CUST000054,61,Male,Employed,71515.6,550,47718.23,11.07,60,Fair,58,0,0,1039.17,0.1744
CUST000055,25,Male,Self-employed,107291.16,750,77632.85,6.86,48,Excellent,0,0,1,1853.96,0.2074
CUST000056,23,Male,Employed,71847.04,456,29345.67,11.69,24,Poor,51,2,0,1377.17,0.23
CUST000057,27,Female,Employed,46595.0,488,11917.35,11.7,48,Poor,4,0,0,312.06,0.0804
CUST000058,63,Female,Employed,65348.14,628,27531.33,8.78,24,Poor,49,1,0,1254.99,0.2305
CUST000059,25,Male,Employed,82640.7,635,71668.29,8.98,12,Poor,89,1,0,6266.79,0.91
CUST000060,50,Female,Self-employed,140972.95,850,108074.64,6.9,24,Excellent,0,0,1,4833.96,0.4115
CUST000061,39,Female,Unemployed,12947.87,338,6158.58,13.24,24,Poor,114,1,0,293.5,0.272
CUST000062,47,Female,Employed,77157.66,658,66645.88,8.32,60,Good,0,0,0,1361.64,0.2118
CUST000063,55,Female,Employed,82689.61,586,42634.95,10.51,48,Fair,12,0,1,1091.73,0.1584
CUST000064,31,Female,Employed,43751.9,523,19916.75,10.55,60,Poor,73,2,1,428.54,0.1175
CUST000065,57,Male,Employed,95641.57,694,71176.57,9.42,36,Good,0,0,1,2277.23,0.2857
CUST000066,35,Female,Self-employed,43044.46,461,22585.28,12.75,24,Poor,33,1,0,1071.11,0.2986
CUST000067,52,Male,Employed,76179.71,476,14438.48,11.08,36,Fair,0,0,1,473.25,0.0745
CUST000068,36,Female,Employed,66106.4,551,27422.03,10.64,60,Fair,0,0,1,591.32,0.1073
CUST000069,29,Male,Employed,61111.51,555,25738.33,9.66,48,Good,0,0,1,648.58,0.1274
CUST000070,35,Female,Employed,110936.67,785,48029.65,5.39,60,Good,0,0,1,914.88,0.099
CUST000071,44,Male,Employed,53974.9,593,25998.45,9.53,48,Good,0,0,1,653.57,0.1453
CUST000072,61,Female,Employed,53653.09,616,22256.68,10.52,48,Poor,17,2,0,570.04,0.1275
CUST000073,42,Male,Employed,86629.58,708,20927.1,8.33,12,Good,5,0,1,1823.58,0.2526
CUST000074,37,Female,Employed,75236.08,572,28378.53,10.03,24,Fair,0,0,0,1309.94,0.2089
CUST000075,39,Male,Self-employed,113462.97,738,12964.8,7.82,60,Good,15,0,1,261.75,0.0277
CUST000076,45,Female,Employed,62337.39,586,32144.5,10.07,48,Fair,14,1,1,816.33,0.1571
CUST000077,47,Male,Retired,44754.14,504,29003.11,10.12,60,Poor,6,1,0,617.96,0.1657
CUST000078,46,Male,Employed,98018.71,773,76479.86,6.25,60,Excellent,0,1,1,1487.65,0.1821
CUST000079,62,Female,Self-employed,49921.38,623,19030.43,9.05,48,Fair,0,0,1,474.06,0.114
CUST000080,50,Female,Employed,57942.46,645,9134.93,9.49,36,Fair,0,0,1,292.57,0.0606
CUST000081,36,Male,Self-employed,98947.62,770,25050.4,5.89,24,Excellent,0,0,1,1108.99,0.1345
CUST000082,22,Female,Self-employed,69124.18,602,34522.76,8.6,24,Good,0,0,0,1570.78,0.2727
CUST000083,46,Male,Employed,48597.08,561,12085.64,10.21,12,Fair,0,0,0,1063.69,0.2627
CUST000084,28,Male,Employed,72369.69,672,39192.64,7.59,12,Poor,55,1,1,3401.9,0.5641
CUST000085,30,Male,Employed,86716.11,639,21893.41,8.51,12,Good,0,0,1,1909.67,0.2643
CUST000086,45,Female,Employed,57183.31,502,36563.93,11.25,24,Poor,79,1,1,1708.35,0.3585
CUST000087,22,Male,Employed,56628.21,488,19237.78,11.2,36,Poor,22,2,0,631.63,0.1338
CUST000088,29,Male,Employed,47046.24,444,11505.45,13.35,24,Poor,50,2,0,548.86,0.14
CUST000089,45,Female,Employed,54080.46,447,30501.33,13.74,24,Fair,16,2,1,1460.74,0.3241
CUST000090,32,Female,Employed,81672.12,639,28453.21,9.7,24,Fair,22,0,1,1309.03,0.1923
CUST000091,38,Female,Self-employed,77431.89,559,11389.35,8.52,24,Good,18,1,1,517.81,0.0802
CUST000092,29,Female,Self-employed,50850.28,464,22247.05,11.38,36,Fair,0,1,1,732.31,0.1728
CUST000093,56,Male,Retired,43935.44,510,21180.49,11.0,12,Poor,79,0,0,1872.0,0.5113
CUST000094,56,Male,Employed,81023.88,633,53066.31,7.1,60,Fair,44,0,1,1053.26,0.156
CUST000095,54,Male,Employed,48762.29,516,12632.37,10.2,12,Very Poor,112,1,0,1111.74,0.2736
CUST000096,26,Male,Employed,33427.9,501,13706.2,11.15,12,Fair,36,0,0,1212.36,0.4352
CUST000097,63,Female,Employed,103816.5,758,34040.7,6.22,60,Excellent,0,0,1,661.65,0.0765
CUST000098,60,Male,Self-employed,33644.12,510,6629.93,11.19,24,Fair,28,0,1,309.59,0.1104
CUST000099,62,Male,Employed,52819.55,515,35479.87,9.71,36,Poor,7,1,0,1140.01,0.259
CUST000100,49,Female,Self-employed,81963.86,708,59901.81,7.12,36,Poor,12,2,0,1852.92,0.2713
CUST000101,28,Male,Employed,54551.45,536,16281.28,10.86,12,Very Poor,170,2,0,1437.91,0.3163
CUST000102,30,Male,Employed,58501.78,542,29518.37,10.61,60,Fair,0,0,1,636.08,0.1305
CUST000103,29,Male,Employed,71536.76,659,17273.5,8.92,48,Good,7,0,1,429.19,0.072
CUST000104,33,Male,Employed,12165.57,305,6027.64,15.0,24,Poor,23,1,0,292.26,0.2883
CUST000105,55,Male,Employed,34662.11,539,7536.81,10.25,12,Fair,0,1,1,663.47,0.2297
CUST000106,54,Male,Employed,60885.19,529,5160.57,10.96,36,Fair,18,0,1,168.84,0.0333
CUST000107,44,Female,Employed,51915.66,446,19997.55,11.55,60,Very Poor,94,2,0,440.25,0.1018
CUST000108,45,Female,Employed,62588.23,583,32484.16,9.58,60,Poor,89,0,0,683.57,0.1311
CUST000109,58,Male,Employed,64553.07,539,31300.85,9.6,12,Very Poor,107,3,0,2746.01,0.5105
CUST000110,56,Male,Employed,17681.6,472,5404.41,12.94,48,Poor,24,1,0,144.82,0.0983
CUST000111,61,Female,Employed,85472.81,620,26956.18,8.91,36,Fair,57,0,1,856.05,0.1202
CUST000112,43,Male,Employed,50034.64,515,21310.4,12.15,12,Poor,93,2,1,1894.95,0.4545
CUST000113,48,Male,Self-employed,49034.6,424,10776.29,13.06,48,Fair,0,1,0,289.41,0.0708
CUST000114,56,Male,Employed,64167.11,597,48198.73,8.71,60,Good,0,0,1,993.86,0.1859
CUST000115,22,Female,Self-employed,78214.81,573,10159.32,10.29,24,Fair,31,0,0,470.15,0.0721
CUST000116,56,Male,Employed,83933.82,670,40824.12,9.08,36,Good,0,0,1,1299.76,0.1858
CUST000117,58,Female,Employed,65437.46,540,36940.1,10.56,36,Very Poor,149,0,0,1201.67,0.2204
CUST000118,35,Male,Unemployed,26581.11,303,7194.62,15.0,48,Very Poor,136,0,0,200.23,0.0904
CUST000119,24,Female,Employed,41236.45,471,19928.11,11.34,12,Very Poor,177,1,0,1764.44,0.5135
CUST000120,22,Female,Employed,62837.22,555,42546.08,10.39,60,Poor,112,0,0,912.12,0.1742
CUST000121,26,Male,Employed,37705.05,494,9274.62,11.71,48,Fair,0,2,1,242.92,0.0773
CUST000122,47,Female,Employed,61953.52,625,50553.64,8.51,24,Fair,36,0,1,2298.23,0.4452
CUST000123,35,Male,Employed,57714.24,626,30459.39,7.99,24,Fair,35,0,0,1377.5,0.2864
CUST000124,60,Female,Employed,56854.05,570,17414.1,11.38,24,Good,0,0,1,814.7,0.172
CUST000125,48,Male,Unemployed,13514.72,367,6216.16,14.39,48,Very Poor,109,1,0,171.07,0.1519
CUST000126,30,Male,Employed,74727.79,527,21334.07,10.33,60,Very Poor,112,0,0,456.71,0.0733
CUST000127,36,Female,Employed,27852.81,421,14347.65,13.02,36,Fair,14,0,0,483.56,0.2083
CUST000128,36,Male,Employed,42004.24,478,24746.91,10.29,12,Fair,0,0,1,2178.93,0.6225
CUST000129,47,Male,Self-employed,73782.85,585,52169.56,7.84,36,Fair,29,1,1,1630.98,0.2653
CUST000130,63,Female,Employed,36426.74,477,25502.7,12.87,60,Poor,39,0,0,578.52,0.1906
CUST000131,34,Male,Employed,60922.28,599,42104.47,9.79,36,Poor,110,2,0,1354.51,0.2668
CUST000132,53,Male,Employed,58982.95,495,27866.34,11.41,48,Fair,0,0,0,725.74,0.1477
CUST000133,60,Female,Unemployed,962.43,300,3467.14,15.0,24,Fair,0,0,0,168.11,2.0961
CUST000134,53,Female,Employed,30936.7,416,13000.27,15.0,60,Fair,2,1,0,309.28,0.12
CUST000135,25,Male,Employed,7524.24,300,4949.16,15.0,60,Fair,0,1,1,117.74,0.1878
CUST000136,51,Male,Employed,35586.6,360,16399.77,12.86,36,Fair,0,3,0,551.5,0.186
CUST000137,58,Female,Employed,60286.47,491,22254.0,9.85,48,Very Poor,226,3,0,562.78,0.112
CUST000138,44,Female,Employed,63123.76,490,5814.38,12.6,36,Poor,89,2,0,194.79,0.037
CUST000139,60,Male,Employed,64037.99,616,8176.98,10.11,36,Fair,47,0,1,264.27,0.0495
CUST000140,36,Female,Self-employed,51662.44,591,19924.44,10.28,60,Good,0,0,1,426.13,0.099
CUST000141,64,Male,Self-employed,74450.9,543,36218.68,9.77,36,Fair,0,0,1,1164.75,0.1877
CUST000142,50,Male,Employed,67944.89,599,29543.88,9.93,24,Poor,27,3,0,1362.3,0.2406
CUST000143,57,Male,Unemployed,2319.64,352,2710.02,13.33,36,Poor,65,2,0,91.74,0.4746
CUST000144,34,Male,Employed,62466.58,475,23776.65,12.48,24,Poor,24,1,0,1124.6,0.216
CUST000145,53,Male,Employed,73129.62,600,42965.44,10.53,60,Fair,0,0,1,924.09,0.1516
CUST000146,28,Female,Employed,50184.56,627,13633.25,8.51,48,Fair,26,0,1,336.11,0.0804
CUST000147,43,Female,Retired,55933.51,557,9500.01,11.46,24,Fair,0,1,1,444.8,0.0954
CUST000148,49,Female,Employed,50651.31,490,23875.77,11.66,48,Poor,1,1,0,624.77,0.148
CUST000149,23,Female,Employed,42798.78,443,16438.51,12.89,48,Very Poor,145,1,0,440.12,0.1234
CUST000150,63,Male,Employed,71136.82,483,6232.79,10.36,24,Fair,0,0,1,288.66,0.0487
CUST000151,27,Male,Employed,100665.88,726,41444.19,7.49,60,Good,27,0,0,830.2,0.099
CUST000152,49,Male,Employed,61707.07,644,10394.02,8.07,12,Good,0,0,1,904.5,0.1759
CUST000153,49,Male,Employed,72698.16,550,33018.92,10.93,48,Poor,114,2,0,852.26,0.1407
CUST000154,41,Female,Employed,49825.66,402,15247.44,14.61,48,Very Poor,241,0,0,421.36,0.1015
CUST000155,51,Male,Employed,35167.68,407,15430.22,13.34,60,Poor,75,2,0,353.81,0.1207
CUST000156,32,Male,Employed,63325.31,597,44304.74,8.7,60,Fair,0,0,0,913.24,0.1731
CUST000157,49,Female,Self-employed,84732.0,617,25666.97,9.86,36,Poor,103,0,0,826.55,0.1171
CUST000158,46,Female,Employed,52841.78,470,35776.92,12.31,60,Poor,107,1,0,801.47,0.182
CUST000159,60,Female,Employed,72621.13,591,35087.99,11.77,48,Good,0,0,1,920.0,0.152
CUST000160,54,Female,Self-employed,55377.6,532,28373.63,11.04,24,Fair,22,0,1,1322.91,0.2867
CUST000161,22,Male,Employed,41958.27,398,19169.34,12.63,12,Poor,42,2,0,1708.85,0.4887
CUST000162,48,Male,Employed,81212.86,613,48678.83,10.08,36,Fair,0,0,1,1572.55,0.2324
CUST000163,34,Female,Retired,55980.21,499,23444.03,11.25,24,Poor,95,1,0,1095.44,0.2348
CUST000164,62,Male,Employed,47313.14,457,16746.25,12.23,12,Poor,73,0,0,1489.65,0.3778
CUST000165,24,Male,Employed,94377.01,626,9215.69,8.14,12,Poor,4,1,1,802.27,0.102
CUST000166,60,Male,Employed,54257.87,564,5860.92,10.08,12,Good,25,1,0,515.48,0.114
CUST000167,27,Female,Employed,61695.66,514,19812.66,11.14,24,Poor,40,1,0,924.71,0.1799
CUST000168,29,Male,Employed,58306.95,433,16103.17,12.45,36,Fair,0,3,0,538.35,0.1108
CUST000169,48,Female,Employed,70475.2,595,26205.62,9.05,36,Poor,109,3,0,833.89,0.142
CUST000170,30,Male,Employed,65428.43,597,11998.07,9.89,12,Good,3,0,0,1054.2,0.1933
CUST000171,58,Male,Employed,65159.24,520,37807.42,10.08,24,Poor,8,0,1,1745.96,0.3215
CUST000172,54,Male,Unemployed,4804.38,300,2773.77,13.84,12,Fair,28,2,1,248.84,0.6215
CUST000173,63,Female,Self-employed,24343.13,364,13452.62,14.55,60,Poor,102,1,0,316.84,0.1562
CUST000174,45,Male,Employed,82843.2,614,38000.51,9.91,36,Poor,51,0,0,1224.54,0.1774
CUST000175,36,Female,Employed,49091.08,551,28858.76,9.13,48,Fair,0,0,1,719.92,0.176
CUST000176,53,Female,Self-employed,73529.0,588,53490.8,7.93,12,Fair,5,0,1,4651.45,0.7591
CUST000177,53,Female,Employed,66535.98,608,26909.04,8.39,60,Fair,0,0,1,550.67,0.0993
CUST000178,45,Male,Employed,92580.19,621,28593.57,9.04,36,Fair,0,0,1,909.74,0.1179
CUST000179,62,Male,Retired,42420.37,450,27196.75,13.43,24,Very Poor,294,0,0,1298.45,0.3673
CUST000180,33,Male,Employed,52104.05,556,23948.3,10.19,36,Good,17,1,0,774.91,0.1785
CUST000181,60,Male,Self-employed,59293.67,496,24054.4,10.67,24,Poor,67,2,0,1117.41,0.2261
CUST000182,23,Female,Retired,39439.65,508,9348.17,11.37,24,Fair,15,0,1,437.29,0.1331
CUST000183,24,Female,Employed,41812.7,435,7438.59,12.43,12,Fair,53,2,0,662.41,0.1901
CUST000184,58,Female,Employed,60577.51,526,39859.22,9.51,12,Poor,19,1,1,3495.18,0.6924
CUST000185,38,Male,Employed,58959.61,619,33622.9,7.82,36,Fair,0,0,1,1050.91,0.2139
CUST000186,23,Female,Self-employed,124245.81,775,46234.53,5.02,60,Excellent,0,0,1,872.83,0.0843
CUST000187,23,Male,Unemployed,14163.99,363,5600.48,15.0,36,Poor,103,1,0,194.14,0.1645
CUST000188,49,Female,Self-employed,17265.36,399,8135.0,14.06,48,Fair,0,2,1,222.55,0.1547
CUST000189,44,Male,Employed,113470.22,765,71455.85,5.95,24,Excellent,0,0,1,3165.41,0.3348
CUST000190,58,Male,Self-employed,103705.01,727,25481.81,8.34,24,Good,4,1,1,1156.48,0.1338
CUST000191,53,Female,Unemployed,35823.49,440,21016.72,11.89,12,Very Poor,280,1,0,1866.19,0.6251
CUST000192,54,Female,Employed,36853.6,382,6430.98,14.58,60,Fair,45,3,0,151.59,0.0494
CUST000193,22,Female,Unemployed,12781.73,368,5859.4,13.84,12,Poor,58,3,0,525.67,0.4935
CUST000194,40,Female,Self-employed,95232.04,644,60217.95,8.09,48,Fair,24,0,1,1472.55,0.1856
CUST000195,23,Male,Self-employed,91091.74,703,27953.21,8.35,36,Good,27,0,1,880.51,0.116
CUST000196,47,Female,Employed,66138.75,633,49678.08,9.08,36,Poor,62,1,1,1581.67,0.287
CUST000197,53,Female,Employed,16007.79,300,7222.48,15.0,60,Very Poor,248,3,0,171.82,0.1288
CUST000198,27,Female,Employed,25751.21,471,15301.6,12.11,12,Poor,6,1,0,1360.29,0.6339
CUST000199,53,Male,Employed,90350.4,640,14089.66,9.02,12,Good,1,0,1,1232.31,0.1637
CUST000200,25,Male,Employed,93906.59,669,16626.03,9.09,48,Fair,0,0,1,414.46,0.053
CUST000201,32,Female,Unemployed,13933.49,310,5610.38,15.0,36,Poor,24,1,0,194.49,0.1675
CUST000202,38,Male,Retired,60856.41,552,27520.99,11.67,12,Good,10,0,0,2440.92,0.4813
CUST000203,59,Female,Self-employed,44303.17,480,24847.43,11.95,60,Poor,17,1,0,552.05,0.1495
CUST000204,45,Male,Employed,44111.48,530,29252.53,10.51,36,Very Poor,275,2,0,950.88,0.2587
CUST000205,26,Male,Employed,37954.39,414,18429.95,12.73,48,Very Poor,359,2,0,491.93,0.1555
CUST000206,55,Male,Employed,43001.61,555,32301.94,9.11,60,Good,11,0,1,672.22,0.1876
CUST000207,27,Male,Self-employed,96680.88,719,72224.5,8.05,24,Good,0,0,1,3268.05,0.4056
CUST000208,43,Female,Self-employed,49129.43,501,14550.16,10.33,48,Very Poor,270,1,0,371.34,0.0907
CUST000209,32,Female,Unemployed,37397.43,440,10264.06,12.08,60,Fair,0,0,0,228.74,0.0734
CUST000210,37,Female,Employed,69201.41,561,40401.11,10.92,12,Fair,51,1,0,3569.3,0.6189
CUST000211,54,Male,Unemployed,25845.27,391,7061.71,13.11,24,Poor,6,3,0,336.09,0.156
CUST000212,30,Female,Unemployed,19899.41,388,5649.92,12.91,48,Poor,69,1,0,151.31,0.0912
CUST000213,27,Female,Employed,84285.39,626,41972.79,7.88,12,Good,0,0,1,3648.73,0.5195
CUST000214,37,Female,Unemployed,6320.0,300,3488.18,15.0,24,Poor,94,0,0,169.13,0.3211
CUST000215,50,Male,Employed,88938.67,664,12862.62,7.55,36,Fair,28,0,1,400.39,0.054
CUST000216,24,Male,Employed,62818.78,509,38144.94,10.61,12,Poor,75,2,0,3364.45,0.6427
CUST000217,41,Male,Employed,84185.32,652,63396.9,6.81,60,Good,13,0,1,1249.61,0.1781
CUST000218,57,Female,Employed,31208.72,413,12115.12,12.93,48,Poor,24,1,0,324.57,0.1248
CUST000219,40,Female,Employed,63611.66,589,7775.76,9.41,24,Good,11,0,1,356.71,0.0673
CUST000220,47,Female,Employed,62904.77,601,13507.43,9.71,12,Fair,0,0,1,1185.69,0.2262
CUST000221,24,Male,Employed,47615.27,539,27776.25,9.48,36,Poor,77,1,0,889.49,0.2242
CUST000222,40,Male,Employed,66262.38,580,40559.57,10.64,48,Poor,23,1,1,1041.27,0.1886
CUST000223,41,Female,Employed,90792.14,684,78137.57,6.18,48,Excellent,0,0,1,1841.48,0.2434
CUST000224,53,Male,Employed,46076.95,468,20817.28,11.85,12,Poor,97,1,0,1848.16,0.4813
CUST000225,28,Male,Employed,79237.09,650,13345.67,8.75,36,Fair,0,0,1,422.85,0.064
CUST000226,62,Male,Employed,37451.54,489,7677.59,11.62,24,Very Poor,54,1,0,360.05,0.1154
CUST000227,54,Male,Employed,102188.89,630,66849.92,9.16,12,Good,0,1,0,5851.02,0.6871
CUST000228,61,Female,Employed,75692.01,621,16290.05,9.95,24,Good,0,0,1,751.34,0.1191
CUST000229,60,Male,Employed,94502.35,746,35157.98,8.22,48,Excellent,0,0,1,861.87,0.1094
CUST000230,39,Male,Employed,73441.21,575,32031.01,9.84,24,Poor,102,1,0,1475.77,0.2411
CUST000231,61,Male,Self-employed,86718.4,618,6753.4,8.25,36,Good,0,0,0,212.41,0.0294
CUST000232,22,Male,Employed,75858.66,582,19455.53,10.43,60,Good,14,0,0,417.53,0.066
CUST000233,32,Female,Employed,57271.05,453,18845.53,11.94,36,Fair,0,0,0,625.38,0.131
CUST000234,49,Female,Retired,15732.49,369,6158.63,15.0,24,Poor,84,1,0,298.61,0.2278
CUST000235,46,Male,Self-employed,88421.98,655,15383.26,7.94,12,Excellent,0,0,1,1337.76,0.1816
CUST000236,44,Male,Unemployed,7444.97,339,4318.64,13.43,48,Poor,45,0,0,116.79,0.1882
CUST000237,52,Male,Self-employed,41950.14,488,25534.79,11.73,60,Fair,0,1,1,564.47,0.1615
CUST000238,51,Male,Employed,72725.86,551,18604.79,8.7,12,Fair,0,0,1,1624.39,0.268
CUST000239,63,Male,Employed,54417.83,531,33651.79,10.33,12,Poor,24,3,1,2963.73,0.6536
CUST000240,56,Male,Employed,80554.09,644,31170.51,8.42,36,Fair,0,0,1,982.76,0.1464
CUST000241,28,Female,Employed,44221.18,452,17676.46,12.46,24,Very Poor,112,2,0,835.87,0.2268
CUST000242,37,Male,Employed,50583.42,523,33729.47,9.95,36,Very Poor,32,1,0,1087.55,0.258
CUST000243,47,Female,Employed,83005.92,636,56982.82,8.01,24,Fair,0,0,0,2577.48,0.3726
CUST000244,23,Female,Employed,65596.85,530,41671.59,11.98,36,Poor,17,1,1,1383.6,0.2531
CUST000245,22,Male,Self-employed,30680.16,436,7086.74,12.51,12,Poor,114,3,0,631.35,0.2469
CUST000246,33,Female,Self-employed,82732.83,616,9679.82,10.12,48,Poor,20,1,0,246.06,0.0357
CUST000247,26,Female,Employed,89624.77,693,77589.73,7.31,24,Good,0,0,1,3484.9,0.4666
CUST000248,58,Female,Self-employed,60642.68,530,21184.53,10.76,60,Poor,45,1,0,458.11,0.0907
CUST000249,53,Female,Employed,71961.15,523,19353.62,11.16,60,Poor,13,0,1,422.34,0.0704
CUST000250,30,Female,Unemployed,6506.13,339,3950.34,15.0,12,Very Poor,228,2,0,356.55,0.6576
CUST000251,62,Female,Employed,57264.33,540,38290.11,10.42,36,Fair,50,0,1,1243.06,0.2605
CUST000252,56,Male,Retired,56347.53,471,34764.14,11.72,36,Fair,21,1,0,1150.1,0.2449
CUST000253,40,Female,Self-employed,81576.95,663,27317.81,9.5,12,Excellent,0,0,0,2395.3,0.3523
CUST000254,37,Female,Employed,85785.4,678,69803.91,7.75,60,Excellent,0,0,1,1406.95,0.1968
CUST000255,24,Female,Employed,68506.05,530,6956.23,11.1,60,Poor,11,3,0,151.6,0.0266
CUST000256,41,Male,Employed,104374.79,684,9685.08,9.03,36,Excellent,0,0,1,308.11,0.0354
CUST000257,45,Female,Employed,28701.73,407,13083.25,12.48,24,Poor,22,2,0,618.8,0.2587
CUST000258,54,Male,Employed,55656.13,484,7200.9,12.0,48,Very Poor,143,1,0,189.61,0.0409
CUST000259,45,Female,Employed,38309.32,485,12301.3,13.38,24,Poor,6,1,0,587.04,0.1839
CUST000260,32,Male,Employed,39675.02,466,20194.74,12.9,60,Poor,42,3,0,458.49,0.1387
CUST000261,29,Male,Self-employed,44784.49,424,13069.28,13.03,24,Fair,0,2,1,621.52,0.1665
CUST000262,57,Female,Unemployed,16677.26,325,5687.71,14.32,48,Fair,0,2,1,156.34,0.1125
CUST000263,59,Female,Employed,64526.02,617,19441.0,8.63,24,Poor,51,1,0,884.88,0.1646
CUST000264,61,Male,Employed,68549.12,650,31310.89,7.65,24,Fair,0,0,1,1411.09,0.247
CUST000265,41,Female,Employed,37538.79,477,15261.82,13.29,24,Poor,54,1,0,727.67,0.2326
CUST000266,56,Male,Self-employed,65273.26,550,41671.54,11.77,24,Very Poor,120,1,0,1957.15,0.3598
CUST000267,46,Male,Employed,40714.11,440,21550.56,11.8,12,Very Poor,269,1,0,1912.7,0.5637
CUST000268,56,Male,Retired,54038.22,543,22115.91,10.92,60,Very Poor,294,2,1,479.97,0.1066
CUST000269,46,Male,Self-employed,48891.97,499,31124.75,11.49,48,Poor,74,2,0,811.91,0.1993
CUST000270,50,Male,Employed,55725.76,442,8675.28,13.6,60,Fair,0,1,0,200.08,0.0431
CUST000271,39,Female,Employed,71206.13,636,20002.12,9.27,12,Fair,0,0,1,1751.75,0.2952
CUST000272,39,Male,Unemployed,8843.71,402,5400.0,13.12,12,Poor,94,2,0,482.62,0.6549
CUST000273,23,Male,Self-employed,95816.35,720,39114.99,6.82,12,Excellent,0,0,1,3381.28,0.4235
CUST000274,56,Female,Employed,91921.59,613,78401.77,9.65,12,Fair,18,0,0,6880.0,0.8982
CUST000275,37,Male,Employed,63794.23,523,25344.37,10.6,24,Fair,0,0,1,1176.51,0.2213
CUST000276,62,Female,Self-employed,102048.33,615,71397.52,9.49,60,Fair,9,0,0,1499.25,0.1763
CUST000277,57,Female,Employed,18531.58,453,8058.13,12.14,36,Poor,22,3,0,268.19,0.1737
CUST000278,54,Female,Unemployed,10709.48,325,5284.6,14.17,48,Poor,81,0,1,144.87,0.1623
CUST000279,25,Male,Employed,63698.02,671,25925.07,7.28,12,Excellent,0,0,1,2246.58,0.4232
CUST000280,54,Male,Employed,38940.7,553,23739.78,10.91,60,Poor,24,1,0,515.15,0.1587
CUST000281,35,Male,Self-employed,81229.48,579,39097.84,9.97,12,Fair,28,1,1,3436.77,0.5077
CUST000282,42,Female,Employed,81198.81,589,64653.38,11.53,12,Fair,0,1,1,5730.26,0.8468
CUST000283,41,Male,Employed,22408.79,412,7297.42,11.93,12,Very Poor,128,1,0,648.13,0.3471
CUST000284,29,Female,Employed,36218.54,357,6562.55,14.59,12,Poor,107,0,0,591.05,0.1958
CUST000285,28,Male,Employed,63696.27,532,22395.32,10.7,12,Very Poor,344,2,0,1976.19,0.3723
CUST000286,24,Female,Employed,69208.39,549,35760.51,12.57,48,Fair,0,0,0,951.79,0.165
CUST000287,38,Male,Employed,74761.61,691,62476.53,8.44,60,Excellent,0,0,1,1279.99,0.2055
CUST000288,54,Male,Employed,62217.79,556,20526.04,10.67,12,Good,0,0,1,1810.97,0.3493
CUST000289,33,Male,Self-employed,88845.37,641,54076.74,8.72,12,Good,0,0,1,4722.07,0.6378
CUST000290,43,Female,Employed,78069.61,580,25925.02,9.21,12,Poor,17,2,1,2269.66,0.3489
CUST000291,43,Female,Employed,51710.84,551,27297.26,10.75,12,Good,10,0,1,2409.37,0.5591
CUST000292,51,Male,Employed,47828.28,466,30000.0,10.6,24,Poor,17,2,0,1392.66,0.3494
CUST000293,59,Male,Unemployed,13314.93,350,5564.67,12.75,24,Poor,104,0,0,263.91,0.2379
CUST000294,59,Female,Self-employed,80984.64,591,30555.21,10.72,36,Fair,0,0,1,996.31,0.1476
CUST000295,29,Female,Employed,46834.53,411,29368.08,11.22,12,Poor,101,3,0,2598.61,0.6658
CUST000296,48,Female,Employed,52124.85,458,31709.45,11.81,36,Poor,114,1,0,1050.3,0.2418
CUST000297,48,Male,Employed,67954.04,546,32466.18,9.48,48,Fair,55,0,0,815.31,0.144
CUST000298,55,Female,Self-employed,79732.52,605,37793.54,9.05,36,Fair,58,0,1,1202.74,0.181
CUST000299,42,Male,Unemployed,13146.63,341,5628.24,14.44,60,Poor,62,2,0,132.24,0.1207
CUST000300,51,Female,Self-employed,22767.92,386,9493.28,14.42,24,Poor,14,2,0,457.69,0.2412
CUST000301,54,Male,Self-employed,74894.76,575,53073.26,11.22,24,Fair,0,0,1,2479.0,0.3972
CUST000302,49,Female,Self-employed,45899.88,551,26585.67,9.52,12,Poor,84,2,1,2331.34,0.6095
CUST000303,54,Female,Employed,79661.65,666,25051.38,7.88,12,Good,0,0,1,2177.78,0.3281
CUST000304,26,Female,Employed,53825.58,508,12068.21,15.0,48,Poor,84,1,0,335.87,0.0749
CUST000305,40,Female,Employed,40075.36,473,11151.3,11.6,48,Fair,0,1,1,291.5,0.0873
CUST000306,25,Female,Employed,58769.13,516,11674.74,10.19,60,Poor,116,1,1,249.15,0.0509
CUST000307,56,Male,Unemployed,27707.0,300,5846.75,14.28,12,Poor,34,0,0,525.75,0.2277
CUST000308,38,Female,Employed,72616.32,591,28542.28,9.46,12,Good,0,0,1,2502.22,0.4135
CUST000309,49,Female,Employed,64398.34,572,10416.47,9.66,48,Fair,50,0,1,262.5,0.0489
CUST000310,51,Female,Employed,33478.1,353,7376.95,13.8,48,Poor,37,1,1,200.85,0.072
CUST000311,50,Male,Employed,92432.0,694,51008.63,7.81,48,Excellent,0,0,1,1240.84,0.1611
CUST000312,27,Female,Employed,47567.46,476,9712.97,11.77,24,Fair,0,1,0,456.19,0.1151
CUST000313,56,Male,Employed,78675.68,631,9150.59,8.03,36,Fair,55,1,0,286.86,0.0438
CUST000314,62,Female,Employed,53492.74,501,15916.85,11.71,36,Fair,0,0,1,526.5,0.1181
CUST000315,58,Female,Employed,76750.16,669,19693.89,8.41,12,Fair,0,0,1,1716.89,0.2684
CUST000316,45,Male,Employed,86137.48,655,43155.16,9.04,24,Excellent,0,0,1,1972.36,0.2748
CUST000317,50,Female,Employed,72962.75,641,11219.04,7.09,48,Fair,0,0,1,269.1,0.0443
CUST000318,52,Male,Employed,75117.1,654,52995.01,8.72,12,Good,2,0,0,4627.63,0.7393
CUST000319,56,Male,Employed,58031.22,476,37652.94,9.81,24,Very Poor,147,0,0,1734.27,0.3586
CUST000320,54,Female,Employed,51320.68,468,27900.57,11.77,60,Fair,0,1,0,617.39,0.1444
CUST000321,42,Male,Self-employed,79148.96,639,40241.69,9.49,24,Fair,42,0,0,1847.57,0.2801
CUST000322,53,Female,Employed,53201.71,494,34041.83,12.52,12,Poor,89,3,0,3032.84,0.6841
CUST000323,44,Female,Employed,109344.07,725,77510.61,7.61,36,Good,4,0,1,2414.88,0.265
CUST000324,54,Male,Self-employed,45229.25,545,5323.41,11.22,48,Poor,13,2,1,138.16,0.0367
CUST000325,24,Male,Employed,80041.7,604,30082.87,9.17,60,Fair,0,0,1,627.01,0.094
CUST000326,39,Male,Employed,70343.94,532,47012.96,10.27,24,Very Poor,289,1,0,2175.33,0.3711
CUST000327,46,Male,Self-employed,81896.17,585,26930.01,12.51,12,Good,0,0,1,2399.14,0.3515
CUST000328,63,Female,Employed,89597.72,767,8135.03,7.34,12,Excellent,0,0,0,705.16,0.0944
CUST000329,52,Female,Employed,65967.55,554,40590.11,9.21,48,Poor,83,2,0,1014.12,0.1845
CUST000330,24,Male,Unemployed,8650.93,300,4459.0,13.27,12,Fair,34,0,0,398.82,0.5532
CUST000331,61,Female,Self-employed,83751.91,546,14814.64,10.06,12,Very Poor,140,1,0,1302.87,0.1867
CUST000332,45,Female,Employed,56336.43,494,24358.33,12.66,48,Poor,37,1,0,649.43,0.1383
CUST000333,53,Female,Employed,70065.69,570,15037.16,10.14,60,Fair,0,0,1,320.53,0.0549
CUST000334,43,Female,Employed,76261.47,652,51543.07,6.38,36,Excellent,0,0,0,1576.84,0.2481
CUST000335,44,Male,Employed,42818.24,513,12369.57,10.95,36,Fair,0,1,1,404.67,0.1134
CUST000336,23,Male,Employed,83906.72,635,27142.17,8.91,24,Fair,54,0,1,1238.82,0.1772
CUST000337,48,Female,Employed,54902.0,496,34667.57,9.02,60,Very Poor,89,2,0,719.99,0.1574
CUST000338,63,Male,Employed,68872.28,592,30290.71,9.72,24,Poor,86,2,0,1393.78,0.2428
CUST000339,23,Male,Employed,72340.6,501,37333.55,10.33,36,Fair,3,0,1,1210.48,0.2008
CUST000340,47,Male,Self-employed,86021.66,743,38333.91,5.11,48,Excellent,0,0,0,884.71,0.1234
CUST000341,38,Female,Self-employed,71726.74,619,22219.43,10.8,12,Good,27,0,1,1961.76,0.3282
CUST000342,61,Female,Employed,50228.05,544,26599.28,9.51,36,Very Poor,245,2,0,852.13,0.2036
CUST000343,54,Female,Employed,54620.11,464,10086.84,11.35,60,Fair,0,2,1,221.08,0.0486
CUST000344,30,Male,Employed,91303.44,729,37351.43,6.52,36,Excellent,0,0,1,1145.11,0.1505
CUST000345,64,Female,Employed,42682.67,447,9958.97,12.33,60,Fair,48,1,0,223.19,0.0627
CUST000346,60,Female,Self-employed,53422.7,466,27365.97,13.75,60,Poor,53,0,0,633.19,0.1422
CUST000347,50,Male,Employed,44737.02,476,30145.89,10.6,60,Very Poor,155,1,1,649.5,0.1742
CUST000348,63,Female,Employed,62715.08,547,49381.67,10.2,24,Poor,112,2,0,2283.33,0.4369
CUST000349,47,Female,Employed,29505.89,364,10391.87,13.96,48,Fair,17,0,1,283.75,0.1154
CUST000350,56,Male,Employed,32928.8,386,8736.45,12.57,36,Poor,66,2,1,292.55,0.1066
CUST000351,46,Male,Employed,54780.9,470,19766.87,11.59,48,Poor,12,1,0,516.53,0.1131
CUST000352,45,Male,Employed,34244.49,388,18274.64,13.99,12,Fair,21,2,1,1640.78,0.575
CUST000353,34,Female,Retired,21905.93,368,6587.36,13.01,36,Fair,0,3,1,221.98,0.1216
CUST000354,28,Female,Employed,34394.63,368,19232.77,13.42,48,Poor,26,0,0,520.03,0.1814
CUST000355,57,Female,Employed,43067.77,437,13025.43,12.08,48,Fair,39,3,0,343.51,0.0957
CUST000356,41,Male,Employed,74624.93,650,67145.43,8.53,12,Good,0,0,1,5857.42,0.9419
CUST000357,22,Male,Employed,79114.16,657,61845.13,8.75,60,Excellent,0,0,1,1276.38,0.1936
CUST000358,29,Female,Retired,68785.01,522,43291.91,11.55,36,Poor,73,2,0,1428.63,0.2492
CUST000359,37,Female,Employed,97647.24,738,34927.76,8.97,36,Good,0,0,1,1110.27,0.1364
CUST000360,35,Male,Self-employed,98589.38,596,5690.13,6.96,12,Fair,6,0,0,492.24,0.0599
CUST000361,33,Male,Employed,80553.55,743,34523.36,6.78,60,Good,0,0,1,679.99,0.1013
CUST000362,44,Male,Employed,62622.04,615,19945.0,7.91,36,Fair,0,0,1,624.16,0.1196
CUST000363,36,Male,Employed,70397.3,553,6912.94,10.01,36,Good,0,1,1,223.11,0.038
CUST000364,49,Female,Self-employed,133308.09,850,79749.7,5.88,36,Good,0,0,1,2421.84,0.218
CUST000365,55,Male,Employed,67424.26,499,22933.82,12.58,60,Fair,0,2,0,516.89,0.092
CUST000366,23,Female,Employed,83064.77,635,48955.52,10.15,12,Fair,0,0,1,4307.47,0.6223
CUST000367,53,Female,Retired,25984.73,394,11749.79,14.53,36,Poor,3,1,0,404.59,0.1868
CUST000368,44,Female,Employed,46675.23,444,8168.99,12.21,48,Poor,14,1,1,215.96,0.0555
CUST000369,43,Male,Employed,66241.39,541,50821.72,12.02,60,Very Poor,193,1,0,1130.93,0.2049
CUST000370,46,Male,Employed,62998.63,523,13043.13,12.54,24,Poor,79,3,0,617.29,0.1176
CUST000371,43,Male,Retired,30700.99,366,10670.27,13.94,12,Very Poor,140,1,0,957.75,0.3744
CUST000372,43,Male,Employed,108147.55,689,53112.37,9.1,48,Fair,0,1,0,1324.34,0.1469
CUST000373,63,Female,Self-employed,80177.82,548,52549.51,10.53,36,Very Poor,122,0,0,1708.78,0.2557
CUST000374,27,Male,Self-employed,61718.25,589,9648.24,11.16,24,Poor,100,2,0,450.38,0.0876
CUST000375,36,Male,Employed,63032.38,505,22882.23,11.11,12,Very Poor,225,2,0,2023.56,0.3852
CUST000376,64,Female,Self-employed,75762.8,541,39166.88,10.01,60,Poor,39,2,0,832.35,0.1318
CUST000377,58,Male,Employed,63756.05,597,15576.0,8.48,24,Fair,51,0,0,707.88,0.1332
CUST000378,54,Female,Employed,28125.66,430,13385.73,12.46,24,Fair,0,1,0,633.01,0.2701
CUST000379,29,Female,Self-employed,113758.4,795,114109.52,6.08,48,Excellent,0,0,1,2684.28,0.2832
CUST000380,26,Female,Unemployed,28488.29,459,19536.97,11.16,12,Very Poor,50,2,0,1728.2,0.728
CUST000381,60,Female,Employed,89406.42,754,7838.07,6.5,48,Excellent,0,0,1,185.86,0.0249
CUST000382,25,Female,Employed,66508.64,558,16412.28,9.78,48,Poor,74,2,0,414.55,0.0748
CUST000383,27,Female,Employed,73249.62,520,20696.43,9.92,36,Very Poor,77,1,0,667.07,0.1093
CUST000384,53,Female,Employed,42675.46,484,15207.93,12.69,60,Fair,28,1,1,343.62,0.0966
CUST000385,51,Female,Employed,76657.99,573,19038.74,11.25,24,Good,0,1,1,889.55,0.1392
CUST000386,56,Male,Employed,65035.75,512,13900.27,12.18,12,Poor,100,1,0,1236.17,0.2281
CUST000387,61,Male,Employed,50791.87,508,36333.23,11.13,60,Fair,59,1,1,792.4,0.1872
CUST000388,37,Male,Employed,77294.89,652,65307.03,8.58,60,Good,3,0,1,1342.32,0.2084
CUST000389,34,Male,Employed,78068.98,570,7764.7,9.03,12,Poor,66,0,0,679.13,0.1044
CUST000390,63,Female,Employed,61212.18,608,21190.69,9.81,60,Fair,0,0,1,448.31,0.0879
CUST000391,51,Male,Employed,68767.65,525,24279.82,11.08,36,Poor,114,0,0,795.8,0.1389
CUST000392,40,Female,Self-employed,44048.49,463,11087.98,14.88,60,Fair,10,2,1,263.09,0.0717
CUST000393,38,Male,Employed,84863.67,658,51017.41,9.58,36,Excellent,0,0,0,1636.1,0.2313
CUST000394,40,Male,Unemployed,6011.87,304,3741.16,15.0,24,Poor,79,1,0,181.4,0.3621
CUST000395,49,Male,Unemployed,7945.74,300,4126.42,14.96,24,Poor,26,0,1,199.99,0.302
CUST000396,47,Female,Employed,61246.31,591,39517.85,10.71,48,Good,0,0,1,1015.81,0.199
CUST000397,58,Male,Self-employed,108435.49,702,59529.35,6.78,36,Good,0,0,1,1831.98,0.2027
CUST000398,47,Female,Employed,82278.97,666,51775.8,9.49,24,Excellent,0,0,1,2376.9,0.3467
CUST000399,44,Female,Employed,59903.51,476,15234.93,10.71,60,Very Poor,319,2,1,329.07,0.0659
CUST000400,30,Male,Employed,75460.27,547,37415.26,9.95,12,Fair,0,1,1,3288.48,0.5229
CUST000401,33,Male,Employed,26218.83,447,11185.66,10.49,12,Fair,0,2,0,985.94,0.4513
CUST000402,22,Male,Employed,45613.6,499,8798.42,12.0,36,Fair,0,2,1,292.22,0.0769
CUST000403,22,Female,Employed,46020.99,462,11495.71,12.3,48,Poor,79,0,0,304.45,0.0794
CUST000404,55,Male,Employed,85044.26,657,26363.84,7.95,60,Good,0,0,0,533.9,0.0753
CUST000405,53,Female,Self-employed,94639.62,630,78078.0,8.07,36,Fair,0,1,0,2449.23,0.3106
CUST000406,46,Female,Employed,63693.06,560,15673.61,11.65,12,Fair,43,0,0,1390.03,0.2619
CUST000407,61,Male,Self-employed,83452.05,640,25277.98,8.68,36,Fair,21,0,1,800.13,0.1151
CUST000408,22,Male,Employed,91366.79,646,33763.47,7.94,60,Fair,0,0,1,683.66,0.0898
CUST000409,37,Female,Employed,56596.41,484,28595.83,13.58,24,Poor,26,1,1,1367.25,0.2899
CUST000410,60,Female,Self-employed,35577.98,445,7229.76,11.71,60,Fair,18,0,0,159.75,0.0539
CUST000411,26,Female,Employed,81743.9,624,68943.72,10.25,24,Fair,0,0,0,3189.29,0.4682
CUST000412,43,Male,Employed,63636.78,531,43182.62,9.65,24,Poor,1,2,0,1985.67,0.3744
CUST000413,50,Female,Employed,79073.43,564,39111.16,9.85,24,Poor,13,1,0,1801.99,0.2735
CUST000414,24,Male,Employed,59104.7,537,32657.21,11.19,36,Poor,59,2,0,1072.15,0.2177
CUST000415,33,Female,Retired,27419.66,386,5191.33,13.38,12,Fair,1,1,0,464.6,0.2033
CUST000416,47,Female,Employed,68056.43,520,20809.34,11.24,36,Fair,0,0,1,683.68,0.1205
CUST000417,37,Male,Unemployed,15101.75,362,7906.08,13.33,12,Very Poor,113,2,0,707.39,0.5621
CUST000418,58,Female,Employed,63698.85,635,9025.57,7.31,60,Good,0,0,1,180.05,0.0339
CUST000419,43,Male,Employed,92331.41,650,27354.89,10.1,48,Good,0,0,1,695.13,0.0903
CUST000420,50,Male,Employed,38025.95,526,19119.35,10.41,60,Fair,0,0,1,410.13,0.1294
CUST000421,35,Female,Employed,65718.37,668,19438.97,8.6,36,Excellent,0,0,1,614.52,0.1122
CUST000422,49,Male,Employed,43620.07,426,26739.33,13.41,36,Fair,0,2,0,906.26,0.2493
CUST000423,26,Male,Unemployed,-10905.46,300,3630.08,15.0,12,Poor,71,1,0,327.64,-0.3605
CUST000424,51,Female,Self-employed,73531.04,699,57852.78,7.04,36,Good,0,0,1,1787.3,0.2917
CUST000425,26,Male,Employed,60620.46,536,26405.63,11.87,24,Very Poor,275,3,0,1241.39,0.2457
CUST000426,33,Male,Retired,49352.83,499,28433.42,11.9,36,Fair,0,2,0,942.98,0.2293
CUST000427,37,Male,Self-employed,68473.78,490,18840.13,11.74,12,Poor,118,1,0,1671.67,0.293
CUST000428,47,Female,Self-employed,30329.99,394,11955.45,13.47,12,Poor,87,2,0,1070.45,0.4235
CUST000429,47,Male,Employed,43551.37,501,28198.22,13.03,24,Poor,77,1,0,1340.96,0.3695
CUST000430,42,Female,Employed,86339.18,766,44919.84,5.8,12,Excellent,0,0,1,3861.9,0.5368
CUST000431,60,Female,Employed,43267.44,463,13968.14,12.45,48,Very Poor,34,0,0,370.94,0.1029
CUST000432,57,Male,Employed,91664.51,583,43255.3,9.33,60,Good,13,0,0,904.77,0.1184
CUST000433,54,Male,Employed,80999.69,553,47761.39,8.46,36,Poor,105,3,0,1506.91,0.2232
CUST000434,51,Male,Self-employed,65466.58,560,26183.86,8.31,48,Fair,0,0,1,643.04,0.1179
CUST000435,58,Female,Employed,45418.42,540,33666.95,9.62,36,Fair,21,0,1,1080.37,0.2854
CUST000436,44,Male,Employed,80958.26,655,25437.12,7.89,48,Fair,0,1,1,619.65,0.0918
CUST000437,31,Male,Unemployed,12590.89,373,6130.07,15.0,36,Poor,80,0,0,212.5,0.2025
CUST000438,26,Male,Unemployed,-456.5,363,1016.98,14.55,24,Fair,38,2,0,49.09,-1.2905
CUST000439,57,Male,Employed,71246.33,548,40427.94,11.28,12,Fair,21,0,1,3578.36,0.6027
CUST000440,55,Male,Unemployed,19172.63,377,10460.92,12.96,12,Fair,0,0,1,934.16,0.5847
CUST000441,52,Female,Employed,82754.12,604,70763.32,9.53,24,Fair,14,1,1,3250.17,0.4713
CUST000442,31,Female,Employed,66991.9,554,25708.91,12.69,48,Good,0,0,1,685.73,0.1228
CUST000443,40,Male,Employed,49017.06,445,8097.8,11.15,60,Fair,5,1,0,176.67,0.0433
CUST000444,53,Male,Employed,85393.58,624,7136.62,9.57,48,Good,9,0,0,179.52,0.0252
CUST000445,22,Male,Employed,87339.81,647,59025.2,10.3,12,Fair,7,0,0,5197.55,0.7141
CUST000446,26,Male,Employed,64664.12,540,44846.43,11.6,60,Very Poor,97,0,0,988.59,0.1835
CUST000447,25,Female,Employed,61206.44,536,14401.7,12.51,36,Poor,57,0,1,481.86,0.0945
CUST000448,37,Male,Employed,33534.58,454,7827.18,12.41,60,Fair,0,0,1,175.75,0.0629
CUST000449,45,Female,Employed,47849.47,553,7063.16,11.0,48,Poor,89,2,0,182.56,0.0458
CUST000450,37,Female,Self-employed,97823.09,756,84300.96,6.82,24,Excellent,0,0,0,3767.45,0.4622
CUST000451,23,Male,Employed,48854.39,533,15219.26,11.3,36,Very Poor,170,1,0,500.4,0.1229
CUST000452,49,Female,Employed,30863.24,360,10065.48,12.99,48,Poor,22,1,0,270.0,0.105
CUST000453,53,Female,Employed,129917.56,801,73642.35,6.68,36,Excellent,0,0,1,2263.21,0.209
CUST000454,48,Female,Employed,30731.88,409,17009.93,13.31,60,Poor,105,3,1,389.75,0.1522
CUST000455,41,Female,Employed,105135.03,687,67112.19,8.03,12,Excellent,0,0,1,5838.8,0.6664
CUST000456,45,Male,Self-employed,65777.3,580,35480.43,11.66,48,Fair,28,1,1,928.35,0.1694
CUST000457,33,Male,Employed,58308.74,453,11087.03,11.95,24,Very Poor,166,1,0,521.66,0.1074
CUST000458,56,Female,Employed,46554.43,570,21968.67,11.3,60,Poor,9,1,1,480.93,0.124
CUST000459,54,Male,Self-employed,98485.11,753,74198.33,8.07,48,Fair,0,0,1,1813.87,0.221
CUST000460,54,Male,Employed,31204.52,448,20606.74,13.16,24,Poor,87,2,0,981.28,0.3774
CUST000461,64,Male,Employed,23193.42,389,6817.73,12.42,48,Fair,55,1,0,180.94,0.0936
CUST000462,58,Male,Employed,92203.43,730,5837.39,7.54,60,Excellent,0,0,1,117.08,0.0152
CUST000463,33,Male,Employed,43920.55,510,7094.23,13.14,48,Poor,20,3,0,190.81,0.0521
CUST000464,24,Female,Employed,74921.76,655,28961.25,6.73,36,Good,0,0,1,890.63,0.1426
CUST000465,22,Male,Employed,38290.88,450,22151.56,12.09,60,Fair,55,1,0,493.7,0.1547
CUST000466,54,Male,Self-employed,96252.63,774,5691.36,7.54,48,Excellent,0,0,0,137.73,0.0172
CUST000467,61,Male,Self-employed,125506.39,850,68468.75,5.0,12,Excellent,0,0,1,5861.44,0.5604
CUST000468,31,Male,Self-employed,59186.36,562,19103.09,11.05,48,Fair,0,0,1,494.16,0.1002
CUST000469,64,Female,Self-employed,16996.77,430,5320.03,14.05,36,Very Poor,62,1,0,181.94,0.1285
CUST000470,50,Female,Employed,93775.88,654,41443.4,8.8,24,Good,16,0,1,1889.45,0.2418
CUST000471,34,Female,Self-employed,102787.33,652,27662.37,9.11,24,Good,0,0,1,1265.13,0.1477
CUST000472,33,Female,Employed,50528.58,518,16690.8,11.13,24,Poor,1,2,0,778.92,0.185
CUST000473,52,Male,Employed,55640.96,519,31217.99,11.32,12,Very Poor,209,1,0,2763.7,0.596
CUST000474,23,Female,Employed,37786.96,441,15515.34,14.54,36,Poor,105,1,0,534.35,0.1697
CUST000475,56,Male,Employed,88405.14,714,15253.63,7.41,60,Fair,0,0,1,304.99,0.0414
CUST000476,44,Male,Employed,49305.69,505,35327.07,10.92,24,Very Poor,85,0,0,1645.2,0.4004
CUST000477,38,Male,Retired,18719.37,388,9004.77,14.44,36,Very Poor,168,2,0,309.7,0.1985
CUST000478,47,Male,Employed,64272.92,540,39681.67,9.79,48,Poor,63,2,1,1002.5,0.1872
CUST000479,29,Male,Employed,42799.73,515,7156.63,10.48,12,Fair,44,1,0,630.77,0.1769
CUST000480,50,Female,Employed,39399.71,492,6110.56,10.9,36,Fair,0,3,1,199.76,0.0608
CUST000481,47,Female,Self-employed,62097.02,592,5921.46,9.44,36,Good,0,0,1,189.5,0.0366
CUST000482,31,Female,Employed,61727.11,522,12926.56,10.75,60,Fair,11,0,0,279.45,0.0543
CUST000483,47,Female,Self-employed,33566.71,499,13139.77,12.08,36,Fair,23,2,0,436.94,0.1562
CUST000484,55,Male,Employed,87702.98,742,84037.1,6.62,60,Excellent,0,1,1,1649.06,0.2256
CUST000485,62,Female,Employed,73543.19,636,32808.78,9.63,12,Fair,0,0,1,2878.78,0.4697
CUST000486,28,Male,Employed,52692.74,470,14254.76,12.77,12,Poor,53,2,0,1271.68,0.2896
CUST000487,25,Female,Self-employed,47899.7,451,20430.23,11.6,48,Fair,21,2,0,534.01,0.1338
CUST000488,32,Male,Employed,58215.49,514,9339.07,11.95,60,Poor,75,1,1,207.52,0.0428
CUST000489,50,Male,Employed,77988.7,583,41545.97,10.79,60,Fair,40,0,0,898.92,0.1383
CUST000490,57,Female,Employed,74891.68,596,38267.92,7.86,24,Fair,15,1,0,1728.26,0.2769
CUST000491,46,Male,Employed,81170.09,656,60107.66,8.82,24,Fair,0,0,1,2741.06,0.4052
CUST000492,42,Male,Employed,50392.45,516,37562.5,10.57,48,Fair,0,0,1,962.93,0.2293
CUST000493,57,Female,Employed,1501.5,316,3941.07,15.0,12,Fair,0,1,1,355.71,2.8429
CUST000494,31,Male,Employed,84956.22,627,40758.14,8.54,24,Fair,0,0,1,1853.4,0.2618
CUST000495,58,Female,Employed,56656.08,522,39650.74,9.62,36,Fair,46,0,0,1272.43,0.2695
CUST000496,30,Female,Employed,73323.32,633,52415.38,8.92,12,Fair,0,1,1,4581.75,0.7498
CUST000497,45,Female,Employed,93384.58,572,39886.28,9.16,36,Fair,0,0,1,1271.3,0.1634
CUST000498,56,Male,Employed,108688.17,734,104111.81,7.96,60,Excellent,0,0,1,2108.95,0.2328
CUST000499,56,Male,Unemployed,8501.79,348,4984.6,13.32,12,Fair,0,1,1,445.96,0.6295
CUST000500,57,Male,Employed,62679.2,589,49362.57,9.73,48,Fair,57,0,0,1245.52,0.2385
CUST000501,39,Female,Self-employed,116005.09,713,10523.86,9.04,60,Good,14,0,1,218.65,0.0226
CUST000502,60,Male,Self-employed,49671.63,445,20493.77,13.46,60,Poor,25,1,1,471.16,0.1138
CUST000503,53,Female,Employed,48357.77,522,33323.85,11.44,36,Fair,0,0,0,1097.96,0.2725
CUST000504,45,Female,Unemployed,9119.61,300,4884.35,14.87,60,Fair,16,1,0,115.87,0.1525
CUST000505,44,Male,Employed,59438.19,604,26712.57,9.86,24,Good,0,0,1,1230.87,0.2485
CUST000506,53,Female,Retired,36698.14,458,11541.91,12.82,12,Fair,0,1,1,1029.9,0.3368
CUST000507,58,Male,Employed,48124.09,570,37704.74,9.1,24,Poor,114,3,0,1724.34,0.43
CUST000508,33,Male,Employed,40684.85,408,21894.45,13.89,36,Fair,46,1,0,747.11,0.2204
CUST000509,34,Male,Self-employed,99358.21,675,67756.28,7.08,36,Good,0,0,1,2094.6,0.253
CUST000510,44,Male,Unemployed,28378.31,300,10399.8,15.0,12,Very Poor,145,2,0,938.67,0.3969
CUST000511,46,Male,Self-employed,119481.44,738,100442.05,5.93,60,Excellent,0,0,1,1938.53,0.1947
CUST000512,56,Female,Employed,50378.53,492,17383.43,13.47,48,Poor,112,2,0,470.44,0.1121
CUST000513,62,Female,Employed,77074.49,510,28531.91,11.95,36,Very Poor,102,1,0,946.92,0.1474
CUST000514,51,Female,Unemployed,17363.26,349,8418.28,12.55,12,Very Poor,243,1,0,750.13,0.5184
CUST000515,38,Male,Employed,48586.57,394,13824.52,13.29,48,Poor,1,2,0,372.87,0.0921
CUST000516,41,Male,Self-employed,97026.55,675,10515.87,7.66,60,Good,5,0,1,211.52,0.0262
CUST000517,46,Male,Self-employed,56501.85,583,8126.72,9.21,36,Poor,95,1,0,259.24,0.0551
CUST000518,43,Female,Employed,52476.47,508,8931.51,11.37,12,Poor,12,1,0,790.9,0.1809
CUST000519,34,Male,Employed,32465.41,512,21810.9,10.22,12,Very Poor,222,1,0,1919.73,0.7096
CUST000520,40,Female,Employed,50715.58,542,21431.97,11.36,12,Poor,96,3,0,1897.81,0.449
CUST000521,57,Female,Employed,65077.22,627,42479.22,9.76,36,Fair,54,1,0,1365.89,0.2519
CUST000522,33,Male,Unemployed,30689.34,384,10256.15,13.82,48,Very Poor,140,0,0,279.36,0.1092
CUST000523,62,Male,Employed,52930.09,472,13324.18,11.85,12,Very Poor,113,0,0,1182.92,0.2682
CUST000524,40,Female,Unemployed,4618.31,335,4131.78,15.0,60,Poor,77,1,0,98.29,0.2554
CUST000525,33,Male,Employed,89947.38,580,60277.8,10.7,12,Good,0,0,1,5319.03,0.7096
CUST000526,30,Female,Retired,32431.71,453,15662.16,12.67,48,Poor,84,1,0,417.64,0.1545
CUST000527,28,Male,Employed,25032.37,383,14339.38,12.18,36,Poor,44,0,1,477.5,0.2289
CUST000528,49,Male,Employed,62661.87,617,38781.42,8.45,12,Fair,22,0,0,3381.57,0.6476
CUST000529,35,Female,Employed,53504.53,547,26267.8,10.24,12,Very Poor,326,3,0,2312.3,0.5186
CUST000530,52,Male,Self-employed,144011.87,850,102747.35,5.0,60,Good,0,1,1,1938.97,0.1616
CUST000531,40,Female,Self-employed,89260.98,619,73915.26,9.42,60,Fair,0,0,1,1549.61,0.2083
CUST000532,37,Male,Self-employed,70609.73,634,50755.33,10.34,12,Good,0,0,1,4470.19,0.7597
CUST000533,26,Female,Employed,41510.06,538,5658.2,11.92,12,Poor,104,2,0,502.52,0.1453
CUST000534,56,Female,Employed,66603.34,564,31166.37,10.94,60,Fair,10,0,1,676.69,0.1219
CUST000535,33,Male,Employed,89134.2,619,55261.53,9.93,48,Fair,0,0,1,1399.66,0.1884
CUST000536,46,Female,Employed,66236.28,528,39354.07,13.07,24,Poor,14,1,0,1872.26,0.3392
CUST000537,42,Male,Employed,43051.41,534,11048.44,11.59,24,Poor,109,1,1,517.97,0.1444
CUST000538,57,Male,Retired,48082.09,626,37503.49,10.0,12,Good,0,0,1,3297.12,0.8229
CUST000539,44,Male,Retired,39270.9,408,23758.58,11.6,60,Fair,41,0,1,523.68,0.16
CUST000540,37,Female,Unemployed,19486.13,325,6258.42,15.0,36,Poor,81,2,0,216.95,0.1336
CUST000541,60,Female,Self-employed,64355.78,603,49235.66,9.89,36,Good,0,0,1,1586.14,0.2958
CUST000542,63,Male,Employed,52434.09,472,8086.57,11.79,24,Poor,47,1,1,379.88,0.0869
CUST000543,60,Male,Employed,51644.4,557,7029.79,10.0,48,Fair,0,0,1,178.29,0.0414
CUST000544,35,Female,Employed,78844.76,638,13499.67,8.31,24,Fair,0,1,1,612.44,0.0932
CUST000545,52,Male,Self-employed,63953.24,554,7661.13,11.64,12,Good,0,0,0,679.39,0.1275
CUST000546,26,Male,Employed,50805.39,525,33604.66,10.88,48,Very Poor,123,1,0,866.58,0.2047
CUST000547,56,Female,Employed,41158.68,483,6443.22,11.16,36,Poor,119,1,0,211.43,0.0616
CUST000548,44,Male,Employed,69080.28,567,18919.93,9.37,60,Fair,0,0,0,396.19,0.0688
CUST000549,50,Female,Employed,66234.04,477,9348.35,11.95,60,Poor,107,0,0,207.72,0.0376
CUST000550,64,Male,Unemployed,10512.32,350,5258.36,13.73,12,Fair,27,2,0,471.47,0.5382
CUST000551,32,Female,Self-employed,53718.64,593,8656.47,9.08,24,Fair,0,0,1,395.81,0.0884
CUST000552,39,Male,Employed,97523.47,609,57915.47,8.0,12,Poor,7,0,1,5037.97,0.6199
CUST000553,33,Male,Retired,11793.35,300,5119.55,15.0,60,Poor,42,2,0,121.79,0.1239
CUST000554,30,Female,Self-employed,89795.16,680,73182.85,7.95,36,Poor,85,1,1,2291.69,0.3063
CUST000555,31,Male,Employed,85828.07,645,64450.76,7.64,60,Fair,0,0,1,1295.82,0.1812
CUST000556,38,Female,Employed,-7736.28,300,4878.85,14.73,48,Fair,0,1,1,135.11,-0.2096
CUST000557,59,Male,Employed,75882.8,568,55937.09,10.68,60,Good,0,0,1,1207.2,0.1909
CUST000558,28,Female,Employed,55594.91,580,6189.93,9.94,60,Fair,24,0,1,131.33,0.0283
CUST000559,34,Female,Retired,43840.82,477,11242.68,11.97,48,Poor,24,2,0,295.91,0.081
CUST000560,61,Female,Employed,53535.24,548,6210.94,10.53,24,Fair,52,0,0,288.14,0.0646
CUST000561,63,Female,Unemployed,25753.93,419,8856.33,11.56,60,Very Poor,257,2,0,195.04,0.0909
CUST000562,30,Male,Employed,67262.39,577,30976.37,10.91,12,Fair,56,0,0,2736.47,0.4882
CUST000563,48,Male,Employed,62634.4,581,42460.95,8.18,60,Fair,0,0,1,864.67,0.1657
CUST000564,23,Female,Employed,42022.79,477,13369.11,12.24,12,Very Poor,104,1,0,1189.35,0.3396
CUST000565,26,Female,Employed,97645.84,631,62742.5,9.6,48,Poor,53,1,0,1579.21,0.1941
CUST000566,50,Female,Employed,60198.62,595,13623.66,9.42,60,Fair,0,1,1,285.57,0.0569
CUST000567,58,Male,Unemployed,37898.06,492,21895.62,11.86,48,Very Poor,106,2,0,575.12,0.1821
CUST000568,59,Male,Employed,98551.39,588,23329.2,9.49,48,Poor,47,0,1,585.95,0.0713
CUST000569,40,Male,Employed,24432.98,365,6304.09,14.18,24,Poor,22,0,1,303.22,0.1489
CUST000570,29,Male,Employed,46901.08,539,10865.97,11.65,60,Fair,0,0,0,239.78,0.0613
CUST000571,22,Female,Employed,39260.98,365,8210.28,13.03,12,Fair,0,1,1,733.42,0.2242
CUST000572,43,Female,Employed,59035.88,583,27654.9,10.53,12,Fair,19,0,1,2438.11,0.4956
CUST000573,38,Female,Employed,63743.28,547,43349.32,12.2,60,Poor,104,1,1,968.7,0.1824
CUST000574,28,Male,Employed,64598.53,625,9139.36,9.36,24,Poor,79,2,1,419.02,0.0778
CUST000575,46,Male,Employed,81082.57,624,51975.87,8.61,24,Fair,8,0,1,2365.12,0.35
CUST000576,25,Male,Employed,89871.66,623,53478.6,11.39,24,Fair,0,0,1,2502.23,0.3341
CUST000577,57,Female,Employed,79349.75,632,62296.6,9.05,12,Poor,96,1,0,5449.44,0.8241
CUST000578,27,Female,Employed,48781.3,493,12438.41,11.72,48,Very Poor,214,1,0,325.86,0.0802
CUST000579,52,Male,Employed,44359.52,436,15927.45,12.78,24,Poor,4,2,0,755.57,0.2044
CUST000580,40,Female,Unemployed,15027.62,471,10126.32,12.34,12,Fair,0,2,0,901.32,0.7197
CUST000581,60,Male,Self-employed,87783.59,602,51252.86,9.17,12,Fair,47,1,1,4486.18,0.6133
CUST000582,48,Male,Employed,56336.17,413,16918.66,13.14,48,Poor,100,1,0,455.02,0.0969
CUST000583,31,Female,Employed,33090.3,511,7596.62,12.12,60,Poor,21,2,1,169.43,0.0614
CUST000584,47,Male,Retired,50230.89,471,12932.49,11.52,60,Poor,79,0,0,284.53,0.068
CUST000585,40,Female,Self-employed,63230.56,538,30759.37,10.25,24,Very Poor,140,1,0,1422.98,0.2701
CUST000586,60,Male,Employed,51549.75,488,28108.1,11.29,24,Poor,97,1,0,1313.84,0.3058
CUST000587,24,Female,Unemployed,14453.87,329,5338.44,13.37,48,Poor,76,1,0,144.21,0.1197
CUST000588,34,Female,Employed,55202.02,482,25638.58,11.01,24,Fair,52,2,0,1195.05,0.2598
CUST000589,49,Female,Employed,52669.98,460,22198.11,11.37,48,Poor,37,1,0,577.69,0.1316
CUST000590,41,Male,Employed,34397.49,440,14181.41,12.45,12,Fair,13,0,0,1263.02,0.4406
CUST000591,49,Male,Employed,57755.05,510,31325.73,12.02,24,Very Poor,340,0,0,1474.87,0.3064
CUST000592,29,Female,Retired,50544.31,538,33828.83,12.13,12,Fair,0,0,1,3007.65,0.7141
CUST000593,62,Female,Self-employed,82939.32,655,27967.48,8.6,36,Good,5,0,1,884.2,0.1279
CUST000594,60,Male,Employed,78962.43,569,57870.0,10.57,48,Good,0,0,1,1483.5,0.2254
CUST000595,22,Male,Employed,45429.1,487,9450.99,11.84,36,Fair,2,1,1,313.2,0.0827
CUST000596,24,Male,Employed,34438.83,416,7927.44,10.8,24,Poor,18,1,0,368.74,0.1285
CUST000597,34,Female,Employed,55083.0,470,13952.36,10.76,12,Poor,50,3,0,1231.58,0.2683
CUST000598,49,Male,Self-employed,56572.9,560,9851.89,11.03,24,Good,11,0,1,459.33,0.0974
CUST000599,46,Male,Employed,49793.3,493,12186.57,12.35,36,Poor,73,0,1,406.81,0.098
CUST000600,54,Female,Employed,64234.99,536,9783.44,11.54,24,Poor,24,1,0,458.46,0.0856
CUST000601,59,Male,Self-employed,59907.58,496,36857.51,11.26,60,Poor,71,2,0,806.13,0.1615
CUST000602,27,Male,Employed,34998.63,388,7240.56,11.41,36,Fair,11,2,0,238.44,0.0818
CUST000603,53,Male,Self-employed,58230.16,632,40017.69,7.94,24,Fair,0,0,1,1808.71,0.3727
CUST000604,42,Female,Employed,66801.19,583,7426.43,8.98,12,Good,25,0,0,649.38,0.1167
CUST000605,37,Female,Retired,50072.21,445,32106.66,12.99,24,Poor,2,2,1,1526.29,0.3658
CUST000606,42,Female,Employed,73228.46,607,46291.82,9.06,12,Good,0,0,1,4049.59,0.6636
CUST000607,32,Female,Employed,68489.46,627,5377.84,10.74,60,Fair,0,0,1,116.24,0.0204
CUST000608,58,Female,Employed,56638.13,534,34722.58,12.21,24,Fair,24,1,0,1637.97,0.347
CUST000609,57,Female,Employed,68098.28,641,33978.06,10.47,60,Poor,11,2,1,729.88,0.1286
CUST000610,56,Female,Self-employed,73729.93,517,44504.29,10.14,36,Poor,36,1,0,1438.91,0.2342
CUST000611,40,Male,Self-employed,78392.88,514,33179.82,11.6,12,Fair,40,0,1,2941.78,0.4503
CUST000612,41,Male,Employed,41213.47,477,20505.64,11.3,36,Fair,0,2,0,674.29,0.1963
CUST000613,39,Female,Employed,60877.5,557,39476.9,10.66,12,Poor,55,2,0,3482.69,0.6865
CUST000614,62,Male,Employed,67573.32,403,19978.85,12.32,60,Poor,99,0,0,447.67,0.0795
CUST000615,35,Male,Employed,66822.55,536,5127.19,11.94,48,Poor,98,3,0,134.86,0.0242
CUST000616,36,Female,Employed,34249.62,386,18250.72,12.65,24,Very Poor,138,0,0,864.67,0.303
CUST000617,52,Male,Unemployed,15962.61,300,6135.55,13.05,60,Very Poor,147,1,0,139.77,0.1051
CUST000618,22,Male,Employed,31122.21,373,11564.61,15.0,12,Poor,26,2,0,1043.8,0.4025
CUST000619,24,Male,Employed,63473.53,583,5371.79,10.3,12,Good,0,0,0,473.01,0.0894
CUST000620,37,Male,Employed,45973.26,433,17390.92,11.51,12,Very Poor,52,1,0,1541.2,0.4023
CUST000621,44,Male,Self-employed,126169.29,755,128924.84,6.57,12,Excellent,0,0,1,11129.61,1.0585
CUST000622,32,Female,Self-employed,78577.3,533,20535.15,10.19,24,Poor,91,1,0,949.36,0.145
CUST000623,33,Female,Unemployed,23011.64,455,9231.79,12.19,36,Poor,65,0,0,307.46,0.1603
CUST000624,31,Female,Employed,102217.45,730,72220.05,7.98,48,Good,6,0,1,1762.58,0.2069
CUST000625,53,Male,Employed,43651.96,349,20760.06,14.75,24,Poor,53,1,0,1004.17,0.276
CUST000626,37,Female,Unemployed,19356.75,328,7218.86,14.74,12,Poor,118,3,0,650.69,0.4034
CUST000627,29,Male,Self-employed,39422.67,484,12198.31,11.66,24,Very Poor,47,3,0,572.28,0.1742
CUST000628,59,Male,Employed,66897.94,631,56111.33,10.06,60,Good,0,0,0,1193.87,0.2142
CUST000629,33,Male,Self-employed,127971.28,850,101012.78,5.0,12,Excellent,0,0,1,8647.45,0.8109
CUST000630,45,Male,Self-employed,56163.5,506,9367.27,10.51,48,Poor,77,0,1,239.86,0.0512
CUST000631,49,Female,Employed,42280.91,372,6359.39,12.71,12,Very Poor,69,0,0,567.15,0.161
CUST000632,29,Female,Self-employed,72264.77,632,33702.63,9.97,48,Good,0,0,1,854.3,0.1419
CUST000633,49,Male,Employed,100916.35,688,25143.42,7.21,48,Excellent,0,1,1,604.5,0.0719
CUST000634,57,Female,Employed,75420.78,605,20181.47,8.17,36,Good,14,1,1,633.98,0.1009
CUST000635,47,Male,Employed,41901.71,458,25836.1,12.68,36,Fair,0,0,1,866.5,0.2482
CUST000636,29,Female,Self-employed,118651.82,706,14941.79,6.71,24,Fair,0,0,1,667.02,0.0675
CUST000637,49,Female,Self-employed,25348.11,419,13028.38,12.49,24,Poor,47,1,1,616.25,0.2917
CUST000638,49,Male,Self-employed,139096.77,850,46905.63,7.38,48,Excellent,0,0,1,1131.53,0.0976
CUST000639,58,Female,Employed,77129.01,587,50320.8,10.57,12,Fair,0,0,0,4437.32,0.6904
CUST000640,62,Male,Self-employed,127906.72,835,105747.03,5.06,60,Excellent,0,0,0,1998.57,0.1875
CUST000641,57,Female,Self-employed,25566.06,333,5064.87,14.28,60,Fair,0,2,0,118.58,0.0557
CUST000642,48,Male,Self-employed,80083.25,606,37519.29,10.34,12,Fair,6,0,1,3304.55,0.4952
CUST000643,38,Male,Self-employed,70983.33,585,12563.93,10.48,12,Fair,55,1,1,1107.38,0.1872
CUST000644,30,Female,Self-employed,44790.62,392,24267.69,13.4,36,Fair,31,2,0,822.39,0.2203
CUST000645,54,Female,Employed,34079.53,433,20141.37,12.69,60,Poor,55,1,1,455.04,0.1602
CUST000646,41,Male,Employed,70141.63,617,28523.38,7.76,48,Fair,2,0,1,693.08,0.1186
CUST000647,34,Female,Employed,71954.63,572,28998.61,8.36,24,Good,0,1,0,1316.36,0.2195
CUST000648,49,Female,Employed,85999.48,642,27018.91,8.6,36,Good,0,0,1,854.24,0.1192
CUST000649,50,Male,Employed,49931.58,527,28863.32,10.24,60,Poor,34,1,0,616.67,0.1482
CUST000650,34,Male,Self-employed,70751.71,563,23746.25,10.8,12,Good,0,1,1,2096.57,0.3556
CUST000651,56,Female,Employed,32350.8,414,9154.59,13.12,60,Very Poor,36,0,0,208.88,0.0775
CUST000652,27,Male,Employed,90815.72,604,36504.38,8.7,48,Good,0,0,1,903.22,0.1193
CUST000653,39,Male,Self-employed,77086.44,607,10615.96,9.58,36,Fair,0,0,1,340.46,0.053
CUST000654,26,Male,Employed,74451.77,581,47436.0,9.47,12,Poor,43,2,1,4158.75,0.6703
CUST000655,46,Female,Employed,75158.11,625,5772.36,11.16,48,Poor,117,2,0,149.63,0.0239
CUST000656,23,Female,Employed,89182.14,684,56481.73,8.4,24,Fair,0,0,1,2564.95,0.3451
CUST000657,31,Male,Employed,43372.01,513,10038.74,9.57,36,Fair,12,0,1,321.88,0.0891
CUST000658,51,Female,Employed,73951.73,570,17890.62,11.91,48,Fair,0,0,1,470.35,0.0763
CUST000659,26,Male,Employed,59499.83,429,26471.58,12.02,48,Poor,108,1,0,697.38,0.1406
CUST000660,54,Female,Employed,102113.54,745,103813.97,5.93,12,Excellent,0,0,1,8931.77,1.0496
CUST000661,22,Male,Unemployed,6656.36,348,3992.13,15.0,24,Fair,0,0,1,193.57,0.349
CUST000662,39,Male,Employed,83428.53,601,19963.63,9.87,48,Poor,11,0,1,505.11,0.0727
CUST000663,53,Female,Self-employed,85510.25,669,18180.14,8.99,36,Good,19,0,0,578.05,0.0811
CUST000664,32,Male,Employed,65957.12,491,42074.35,12.26,48,Poor,112,1,0,1113.36,0.2026
CUST000665,42,Female,Employed,61080.41,595,25760.58,9.43,60,Poor,82,2,0,540.14,0.1061
CUST000666,47,Female,Self-employed,115399.97,744,20484.16,6.35,36,Good,12,0,1,626.47,0.0651
CUST000667,46,Male,Employed,65277.03,519,43331.29,10.61,36,Poor,70,3,0,1410.6,0.2593
CUST000668,43,Male,Employed,29511.69,386,15398.43,15.0,48,Poor,24,0,1,428.55,0.1743
CUST000669,48,Female,Employed,84390.07,625,73343.93,9.29,12,Good,0,1,0,6424.06,0.9135
CUST000670,34,Male,Employed,80724.04,622,64990.48,10.46,36,Fair,46,1,0,2111.07,0.3138
CUST000671,54,Male,Employed,71742.75,589,52073.27,9.67,60,Poor,52,1,1,1097.94,0.1836
CUST000672,55,Male,Employed,37430.53,428,6017.41,11.92,12,Very Poor,226,3,0,534.41,0.1713
CUST000673,62,Male,Employed,40537.69,472,7450.81,10.43,12,Very Poor,68,1,0,656.54,0.1943
CUST000674,56,Male,Employed,22451.14,390,9894.82,14.01,12,Poor,93,2,0,888.48,0.4749
CUST000675,22,Female,Self-employed,88809.9,622,43823.62,10.84,36,Poor,2,2,0,1431.4,0.1934
CUST000676,42,Female,Self-employed,34513.53,398,12435.48,12.33,12,Fair,4,2,0,1106.81,0.3848
CUST000677,27,Male,Retired,14218.74,387,6414.43,13.93,48,Fair,0,1,1,175.06,0.1477
CUST000678,49,Male,Employed,85499.78,668,37240.0,6.93,12,Good,0,0,1,3221.11,0.4521
CUST000679,38,Male,Self-employed,98045.39,695,56000.53,7.26,60,Good,0,0,1,1115.83,0.1366
CUST000680,26,Female,Employed,53336.57,559,5078.74,10.56,24,Good,11,0,1,235.67,0.053
CUST000681,52,Male,Employed,57319.07,431,13471.32,10.89,60,Poor,4,2,0,292.16,0.0612
CUST000682,26,Female,Employed,11853.12,319,5617.54,14.64,36,Fair,13,2,1,193.74,0.1961
CUST000683,59,Female,Self-employed,102502.35,652,69059.99,7.76,12,Good,27,0,1,5999.86,0.7024
CUST000684,24,Female,Employed,46145.37,597,10955.54,10.2,12,Fair,0,0,0,964.21,0.2507
CUST000685,44,Male,Employed,66605.82,602,33420.08,9.34,48,Fair,0,1,1,837.12,0.1508
CUST000686,58,Female,Employed,10228.75,336,5391.23,15.0,12,Fair,7,3,0,486.6,0.5709
CUST000687,58,Male,Self-employed,104327.04,756,50855.3,6.43,60,Excellent,0,0,1,993.36,0.1143
CUST000688,31,Female,Self-employed,52414.66,565,6016.85,8.82,36,Fair,0,0,0,190.83,0.0437
CUST000689,31,Male,Self-employed,33718.73,490,13714.23,10.06,24,Poor,36,0,0,633.21,0.2254
CUST000690,40,Female,Employed,53207.97,558,16192.03,8.4,12,Fair,0,0,1,1411.52,0.3183
CUST000691,38,Male,Employed,48072.1,479,32108.09,12.38,24,Poor,101,2,0,1517.12,0.3787
CUST000692,42,Female,Employed,81485.35,600,13037.84,12.1,12,Poor,68,2,0,1159.03,0.1707
CUST000693,35,Male,Employed,51592.1,458,24826.21,12.56,36,Fair,0,3,0,831.27,0.1933
CUST000694,30,Male,Employed,87252.34,674,9060.33,9.87,60,Excellent,0,0,1,191.94,0.0264
CUST000695,22,Male,Self-employed,84904.28,631,36461.65,10.12,36,Fair,9,0,1,1178.49,0.1666
CUST000696,34,Male,Retired,53415.52,492,23709.76,10.99,24,Poor,13,2,1,1104.96,0.2482
CUST000697,25,Female,Self-employed,74935.01,576,21923.64,11.25,12,Good,0,1,0,1940.18,0.3107
CUST000698,22,Female,Self-employed,113161.77,825,60280.28,5.0,24,Excellent,0,0,1,2644.58,0.2804
CUST000699,61,Male,Retired,22695.64,438,6640.86,12.03,60,Fair,0,2,0,147.83,0.0782
CUST000700,53,Female,Employed,62272.49,640,20524.07,8.61,36,Poor,48,1,0,648.94,0.1251
CUST000701,55,Male,Employed,52071.28,534,26968.88,10.58,24,Poor,75,2,0,1251.76,0.2885
CUST000702,49,Male,Retired,60949.43,546,18011.87,11.19,24,Poor,116,2,0,841.07,0.1656
CUST000703,52,Female,Employed,89980.69,658,75079.27,7.82,60,Fair,0,0,1,1515.88,0.2022
CUST000704,29,Male,Self-employed,75012.64,549,39235.99,11.36,12,Fair,16,0,0,3474.37,0.5558
CUST000705,60,Male,Employed,34169.78,373,11588.28,14.55,24,Very Poor,186,0,0,559.39,0.1965
CUST000706,47,Female,Employed,68541.95,599,7068.91,9.91,60,Fair,0,0,1,149.87,0.0262
CUST000707,55,Male,Self-employed,25061.71,353,9542.66,15.0,12,Poor,115,2,0,861.3,0.4124
CUST000708,24,Male,Unemployed,31261.43,435,16927.27,13.83,12,Very Poor,131,0,0,1518.52,0.5829
CUST000709,33,Male,Self-employed,60804.9,598,17406.83,10.65,36,Poor,109,1,0,567.01,0.1119
CUST000710,22,Male,Employed,59388.6,504,36421.86,11.36,60,Very Poor,92,1,0,798.4,0.1613
CUST000711,26,Female,Unemployed,8190.49,433,5094.88,12.93,12,Fair,0,1,0,454.9,0.6665
CUST000712,51,Female,Employed,41964.37,418,22964.12,13.38,36,Very Poor,148,1,0,777.94,0.2225
CUST000713,51,Female,Employed,74745.83,648,10369.75,8.69,48,Poor,86,2,0,256.51,0.0412
CUST000714,38,Male,Employed,56827.67,548,39642.27,10.12,60,Poor,113,0,0,844.53,0.1783
CUST000715,44,Male,Employed,60849.65,603,28519.64,7.09,48,Good,0,0,1,684.07,0.1349
CUST000716,36,Female,Employed,39922.18,403,10871.06,13.85,12,Fair,52,1,0,975.29,0.2932
CUST000717,58,Male,Unemployed,23560.59,509,8333.38,12.24,60,Very Poor,152,1,0,186.39,0.0949
CUST000718,42,Male,Self-employed,103733.69,705,46599.55,6.48,36,Good,0,0,1,1427.7,0.1652
CUST000719,35,Male,Employed,55821.43,557,44750.67,10.93,12,Fair,24,0,1,3953.73,0.8499
CUST000720,23,Male,Employed,85358.44,713,22439.66,6.9,60,Excellent,0,0,1,443.27,0.0623
CUST000721,32,Female,Unemployed,13958.76,325,5246.68,14.18,60,Fair,0,2,0,122.57,0.1054
CUST000722,60,Female,Unemployed,22797.55,432,10814.73,13.91,48,Poor,107,0,1,295.04,0.1553
CUST000723,59,Female,Self-employed,26312.17,366,9982.72,12.81,12,Poor,110,0,0,890.74,0.4062
CUST000724,55,Male,Employed,67068.62,638,33937.7,7.86,36,Poor,117,3,0,1061.33,0.1899
CUST000725,59,Female,Employed,54570.37,480,27569.94,13.53,36,Poor,47,2,1,936.02,0.2058
CUST000726,55,Female,Employed,63110.45,554,17132.11,10.24,12,Fair,0,0,0,1508.07,0.2867
CUST000727,39,Male,Employed,62213.65,564,46371.19,11.45,12,Good,17,0,0,4108.03,0.7924
CUST000728,51,Male,Employed,62514.0,589,25699.55,8.15,24,Good,7,0,1,1164.04,0.2234
CUST000729,36,Female,Unemployed,21157.01,483,6308.09,10.15,48,Poor,105,2,0,160.46,0.091
CUST000730,48,Female,Employed,48696.53,472,26676.72,10.96,12,Poor,38,1,0,2357.23,0.5809
CUST000731,55,Female,Employed,71381.59,642,43207.72,8.3,12,Good,0,0,1,3764.57,0.6329
CUST000732,59,Female,Employed,84650.5,737,30526.45,5.65,24,Poor,74,0,0,1348.16,0.1911
CUST000733,54,Male,Employed,31797.18,435,14912.43,12.91,24,Poor,20,3,0,708.37,0.2673
CUST000734,45,Female,Employed,44389.2,450,10502.7,12.71,60,Fair,0,2,0,237.4,0.0642
CUST000735,36,Female,Employed,45229.29,394,15060.7,12.39,36,Fair,23,1,0,503.06,0.1335
CUST000736,51,Male,Employed,38159.08,546,27596.15,9.71,48,Fair,1,1,1,696.06,0.2189
CUST000737,63,Female,Self-employed,60759.07,530,10584.43,10.13,60,Very Poor,347,3,0,225.57,0.0446
CUST000738,38,Male,Retired,55496.78,471,18114.05,10.73,12,Fair,26,3,0,1598.64,0.3457
CUST000739,26,Male,Employed,88951.74,587,62077.74,6.89,24,Fair,9,1,1,2776.18,0.3745
CUST000740,50,Male,Employed,62123.5,498,44296.25,11.31,36,Poor,42,3,0,1456.82,0.2814
CUST000741,25,Female,Self-employed,65272.92,607,28246.24,8.99,60,Good,2,0,1,586.18,0.1078
CUST000742,31,Female,Employed,76058.48,657,37941.69,8.18,36,Excellent,0,0,1,1192.12,0.1881
CUST000743,38,Male,Employed,12720.63,383,6489.05,12.48,24,Fair,0,2,0,306.92,0.2895
CUST000744,31,Female,Unemployed,4448.22,324,2529.0,15.0,60,Poor,117,1,0,60.16,0.1623
CUST000745,38,Female,Employed,13567.39,300,6530.78,15.0,60,Fair,35,0,0,155.37,0.1374
CUST000746,41,Male,Employed,38686.01,418,8363.15,12.02,36,Fair,41,3,0,277.86,0.0862
CUST000747,45,Male,Employed,44659.65,423,15391.49,14.16,24,Very Poor,324,1,0,740.18,0.1989
CUST000748,26,Female,Employed,89553.64,686,42326.38,8.35,12,Excellent,0,0,1,3688.73,0.4943
CUST000749,55,Male,Employed,4778.76,300,2939.97,15.0,60,Poor,17,0,0,69.94,0.1756
CUST000750,27,Female,Self-employed,62498.92,514,30312.15,10.76,12,Poor,119,0,0,2675.72,0.5137
CUST000751,23,Female,Employed,72391.33,580,41009.75,9.83,24,Fair,0,0,1,1889.1,0.3131
CUST000752,34,Female,Employed,68214.61,489,49195.33,12.71,60,Poor,25,1,0,1112.14,0.1956
CUST000753,64,Female,Self-employed,118852.14,777,14079.39,5.19,60,Excellent,0,0,1,266.92,0.0269
CUST000754,64,Male,Employed,63221.03,547,15031.38,10.23,12,Poor,20,1,0,1323.13,0.2511
CUST000755,32,Male,Employed,67485.56,629,27378.67,10.27,48,Fair,0,0,1,697.91,0.1241
CUST000756,44,Male,Unemployed,-3385.07,300,2672.45,15.0,12,Poor,30,0,1,241.21,-0.8551
CUST000757,37,Male,Employed,40234.62,395,5424.56,12.15,12,Fair,2,1,0,482.35,0.1439
CUST000758,52,Female,Self-employed,21518.86,367,5684.26,13.6,48,Very Poor,143,0,0,154.19,0.086
CUST000759,32,Female,Self-employed,92178.24,613,56093.56,10.04,24,Good,7,0,1,2589.39,0.3371
CUST000760,37,Male,Employed,66973.81,569,48686.73,10.77,24,Fair,56,0,1,2264.04,0.4057
CUST000761,29,Female,Employed,66270.76,472,26363.8,12.85,60,Poor,72,0,1,597.81,0.1082
CUST000762,25,Female,Retired,26778.5,376,10814.4,14.0,36,Fair,57,1,0,369.62,0.1656
CUST000763,61,Female,Employed,40541.0,415,10294.58,13.46,36,Poor,54,0,0,349.16,0.1033
CUST000764,25,Male,Self-employed,81283.41,653,58289.26,8.92,60,Good,0,0,1,1207.86,0.1783
CUST000765,46,Male,Employed,46612.28,445,24740.36,13.94,36,Very Poor,173,1,1,844.89,0.2175
CUST000766,24,Male,Employed,39591.91,371,15651.21,13.29,12,Very Poor,175,2,0,1400.03,0.4243
CUST000767,53,Female,Employed,49832.21,489,11591.84,11.61,12,Poor,85,3,0,1027.82,0.2475
CUST000768,24,Male,Unemployed,8392.58,349,4968.96,13.09,48,Poor,66,2,0,133.54,0.1909
CUST000769,48,Male,Retired,26999.16,394,5737.8,12.08,48,Fair,20,1,0,151.32,0.0673
CUST000770,50,Male,Employed,35484.64,411,15298.8,13.31,60,Poor,98,1,0,350.5,0.1185
CUST000771,53,Male,Employed,68973.8,542,45529.15,9.88,60,Fair,0,0,0,964.58,0.1678
CUST000772,40,Male,Self-employed,121681.48,792,113383.83,6.0,60,Excellent,0,0,1,2191.86,0.2162
CUST000773,42,Male,Employed,59219.92,492,22611.47,13.13,12,Poor,16,3,0,2020.94,0.4095
CUST000774,26,Female,Employed,64448.68,541,40682.34,12.18,36,Poor,101,0,0,1354.7,0.2522
CUST000775,39,Female,Self-employed,91091.34,701,84082.81,9.93,60,Good,0,0,1,1783.75,0.235
CUST000776,49,Male,Employed,67331.32,504,17334.55,12.93,60,Very Poor,128,2,0,393.78,0.0702
CUST000777,63,Male,Retired,27296.32,407,9809.07,15.0,12,Poor,36,2,0,885.35,0.3892
CUST000778,43,Female,Employed,94396.92,588,74099.31,10.2,12,Poor,89,2,0,6521.41,0.829
CUST000779,42,Female,Employed,44853.79,490,14285.47,10.64,12,Poor,55,2,0,1260.19,0.3371
CUST000780,27,Male,Employed,72961.77,542,52753.26,9.6,36,Poor,99,3,0,1692.3,0.2783
CUST000781,22,Male,Self-employed,90905.74,714,88123.26,8.87,60,Good,14,0,1,1823.7,0.2407
CUST000782,26,Male,Employed,20831.17,309,8730.06,14.89,24,Fair,27,3,0,422.83,0.2436
CUST000783,62,Male,Employed,52823.07,533,34319.23,10.89,24,Very Poor,39,3,1,1597.79,0.363
CUST000784,33,Female,Employed,61132.57,605,40604.98,8.91,60,Fair,0,1,1,841.03,0.1651
CUST000785,47,Male,Self-employed,78994.54,564,46294.94,9.77,60,Poor,29,1,0,978.42,0.1486
CUST000786,55,Male,Employed,66028.41,521,18867.63,11.37,60,Poor,117,0,1,413.68,0.0752
CUST000787,35,Male,Employed,75153.26,553,8137.09,9.34,60,Poor,96,1,1,170.28,0.0272
CUST000788,47,Male,Self-employed,74774.54,574,24379.36,10.28,36,Fair,0,0,1,789.81,0.1268
CUST000789,48,Female,Employed,67092.35,594,39515.43,11.17,24,Fair,0,1,1,1844.77,0.33
CUST000790,30,Female,Employed,59100.91,508,8999.95,9.08,48,Fair,0,0,0,224.33,0.0455
CUST000791,47,Female,Unemployed,4826.66,300,4969.17,13.46,24,Poor,106,1,0,237.32,0.59
CUST000792,43,Male,Employed,60648.03,441,9942.94,13.11,24,Poor,24,2,0,473.23,0.0936
CUST000793,51,Male,Self-employed,97472.7,769,74797.38,7.84,12,Excellent,0,0,1,6500.86,0.8003
CUST000794,64,Female,Employed,82175.77,712,78853.49,7.02,60,Fair,45,0,0,1562.11,0.2281
CUST000795,38,Male,Self-employed,91119.47,692,86183.34,5.87,60,Good,22,0,1,1661.14,0.2188
CUST000796,47,Male,Employed,86687.01,606,39356.66,10.87,60,Poor,28,2,1,853.13,0.1181
CUST000797,57,Female,Employed,68377.29,610,52054.78,8.55,12,Poor,55,0,0,4541.47,0.797
CUST000798,22,Female,Retired,52958.2,559,32716.3,9.93,36,Fair,46,1,0,1054.58,0.239
CUST000799,29,Female,Self-employed,103121.73,699,52582.5,8.06,36,Fair,16,0,1,1649.31,0.1919
CUST000800,56,Female,Employed,55532.99,524,26421.86,10.26,48,Poor,91,3,1,673.44,0.1455
CUST000801,36,Male,Employed,74520.07,659,13746.01,7.6,36,Fair,16,0,1,428.2,0.069
CUST000802,43,Male,Unemployed,5593.55,300,2934.12,14.14,36,Poor,98,1,0,100.48,0.2156
CUST000803,35,Female,Employed,66996.25,617,23822.54,11.09,60,Fair,54,0,1,519.08,0.093
CUST000804,47,Male,Self-employed,92310.77,653,40465.08,9.74,24,Good,0,0,1,1862.43,0.2421
CUST000805,49,Female,Self-employed,106532.85,670,68565.62,8.85,36,Good,0,0,1,2175.5,0.2451
CUST000806,44,Female,Employed,76415.19,554,23712.65,8.2,36,Fair,0,0,0,745.21,0.117
CUST000807,35,Male,Employed,81282.28,581,20894.28,10.47,12,Fair,58,0,1,1841.5,0.2719
CUST000808,45,Female,Self-employed,72018.59,527,36705.5,11.4,48,Poor,88,1,0,955.76,0.1593
CUST000809,23,Male,Employed,53092.14,600,6006.47,8.27,12,Poor,56,1,0,523.24,0.1183
CUST000810,47,Male,Employed,54502.02,542,32220.39,10.86,60,Poor,33,0,1,698.28,0.1537
CUST000811,35,Male,Unemployed,17662.84,423,8283.24,13.82,24,Poor,5,2,0,396.98,0.2697
CUST000812,28,Male,Employed,23825.06,423,11275.7,13.33,48,Poor,18,3,1,304.37,0.1533
CUST000813,24,Female,Self-employed,114952.71,762,77638.75,5.92,12,Excellent,0,0,0,6679.23,0.6972
CUST000814,44,Male,Employed,60877.47,547,27731.15,10.52,36,Very Poor,106,0,0,901.62,0.1777
CUST000815,64,Female,Employed,51699.97,486,23736.12,12.35,36,Poor,27,3,0,792.34,0.1839
CUST000816,39,Female,Employed,9405.68,321,4955.7,14.68,48,Fair,0,0,1,137.11,0.1749
CUST000817,59,Female,Employed,59263.73,466,32267.21,13.24,36,Poor,101,3,0,1090.88,0.2209
CUST000818,56,Female,Employed,56030.47,578,35073.24,10.34,12,Fair,16,0,0,3089.06,0.6616
CUST000819,36,Male,Employed,42059.07,377,22252.84,14.35,12,Very Poor,131,2,0,2001.72,0.5711
CUST000820,46,Male,Self-employed,54808.59,466,11272.11,12.8,36,Poor,17,1,0,378.73,0.0829
CUST000821,58,Female,Employed,59467.27,638,24407.79,7.79,36,Poor,14,3,0,762.46,0.1539
CUST000822,49,Female,Employed,48235.27,499,33822.82,11.43,60,Poor,69,1,1,742.69,0.1848
CUST000823,31,Male,Employed,71437.56,594,26982.13,9.32,24,Poor,106,2,0,1236.66,0.2077
CUST000824,60,Female,Employed,45024.33,511,8582.37,12.21,48,Fair,7,0,1,226.88,0.0605
CUST000825,38,Male,Employed,63092.17,475,25773.81,12.28,12,Very Poor,159,1,0,2293.37,0.4362
CUST000826,60,Female,Employed,83600.91,564,11872.3,10.01,48,Poor,111,2,0,301.18,0.0432
CUST000827,43,Male,Employed,59268.08,514,13023.99,9.83,60,Very Poor,165,1,1,275.62,0.0558
CUST000828,47,Female,Employed,67119.54,523,51091.16,9.35,12,Fair,0,1,0,4476.26,0.8003
CUST000829,46,Female,Employed,65853.03,559,30981.25,10.6,60,Good,0,0,0,667.46,0.1216
CUST000830,38,Male,Self-employed,75239.91,625,22437.82,8.37,60,Fair,14,1,0,458.98,0.0732
CUST000831,34,Female,Employed,58659.86,604,50072.71,10.14,36,Good,3,0,1,1618.97,0.3312
CUST000832,41,Female,Employed,48572.52,534,36565.87,9.1,48,Fair,0,1,1,911.72,0.2252
CUST000833,46,Male,Employed,63020.25,502,23284.81,12.92,48,Fair,0,1,1,623.75,0.1188
CUST000834,25,Female,Employed,54334.65,498,14068.3,12.06,36,Poor,39,1,0,467.7,0.1033
CUST000835,31,Male,Unemployed,30460.9,389,16251.23,13.48,48,Poor,9,2,0,439.87,0.1733
CUST000836,24,Male,Employed,76222.87,554,44995.05,12.06,36,Good,0,1,1,1495.87,0.2355
CUST000837,62,Female,Employed,30944.08,361,13719.16,14.84,12,Fair,0,1,0,1237.23,0.4798
CUST000838,39,Female,Employed,32056.84,511,21956.71,10.69,60,Poor,78,2,0,473.99,0.1774
CUST000839,57,Female,Employed,57390.8,530,32042.16,10.9,60,Poor,105,0,0,695.01,0.1453
CUST000840,43,Female,Employed,52093.89,497,14399.52,9.45,48,Fair,15,2,0,361.44,0.0833
CUST000841,55,Female,Employed,56336.12,549,32526.41,11.54,24,Poor,80,0,1,1524.11,0.3246
CUST000842,29,Female,Unemployed,21511.61,412,7627.02,12.67,60,Very Poor,231,0,0,172.24,0.0961
CUST000843,61,Female,Employed,66314.72,621,45392.21,7.19,36,Poor,26,1,0,1405.45,0.2543
CUST000844,40,Male,Employed,66112.58,527,33330.06,9.69,24,Very Poor,175,1,0,1533.26,0.2783
CUST000845,63,Female,Employed,88923.89,675,11091.75,9.05,24,Fair,3,0,0,506.99,0.0684
CUST000846,62,Male,Employed,32222.17,383,12311.74,15.0,60,Poor,20,3,0,292.9,0.1091
CUST000847,58,Female,Employed,62078.78,538,19906.62,10.69,60,Poor,19,1,0,429.78,0.0831
CUST000848,27,Female,Self-employed,57628.42,533,18015.07,9.78,60,Poor,55,0,1,380.83,0.0793
CUST000849,47,Male,Self-employed,118063.07,779,77610.16,5.0,36,Excellent,0,0,1,2326.05,0.2364
CUST000850,55,Female,Employed,15812.97,368,6344.58,15.0,24,Poor,110,1,0,307.63,0.2334
CUST000851,27,Female,Self-employed,10035.55,380,5747.6,13.99,48,Poor,92,1,0,157.05,0.1878
CUST000852,58,Male,Retired,44569.54,448,6772.98,11.98,36,Poor,105,1,0,224.89,0.0606
CUST000853,54,Female,Unemployed,26262.97,414,12696.04,12.36,12,Fair,36,1,0,1130.16,0.5164
CUST000854,43,Female,Employed,75465.09,563,50381.53,10.89,60,Fair,0,0,1,1092.66,0.1737
CUST000855,42,Female,Self-employed,50970.58,649,32864.12,9.3,24,Good,0,0,1,1505.9,0.3545
CUST000856,27,Male,Employed,90128.43,614,41476.1,8.39,36,Good,0,0,1,1307.27,0.1741
CUST000857,27,Female,Retired,21527.97,351,11705.05,12.93,12,Fair,0,2,1,1045.08,0.5825
CUST000858,25,Female,Employed,86149.68,688,28215.13,6.85,36,Excellent,0,0,1,869.31,0.1211
CUST000859,51,Female,Employed,38015.43,430,5379.94,12.17,36,Fair,0,1,0,179.12,0.0565
CUST000860,32,Female,Self-employed,64445.27,601,26618.41,8.84,48,Poor,70,2,0,660.35,0.123
CUST000861,51,Male,Employed,72785.39,598,6878.72,11.2,48,Fair,0,0,1,178.45,0.0294
CUST000862,52,Male,Retired,18006.88,351,9849.68,13.57,36,Poor,106,1,0,334.58,0.223
CUST000863,45,Female,Retired,62035.35,510,13678.86,9.93,12,Poor,44,2,0,1202.16,0.2325
CUST000864,30,Female,Self-employed,64261.69,517,39347.1,9.86,24,Poor,2,1,0,1813.15,0.3386
CUST000865,24,Male,Employed,62745.52,531,38635.62,10.62,24,Poor,24,2,0,1793.84,0.3431
CUST000866,52,Male,Self-employed,109866.02,730,27973.08,5.36,60,Good,0,0,1,532.51,0.0582
CUST000867,61,Female,Employed,44137.49,434,19926.14,12.5,60,Poor,103,2,0,448.33,0.1219
CUST000868,58,Male,Employed,81216.27,619,8177.45,7.86,24,Poor,87,0,0,369.34,0.0546
CUST000869,57,Female,Self-employed,124216.01,742,63851.19,8.12,36,Fair,0,0,1,2004.47,0.1936
CUST000870,45,Male,Employed,46888.42,525,5451.95,11.03,36,Poor,10,3,0,178.56,0.0457
CUST000871,52,Male,Employed,87387.75,696,78144.62,9.92,48,Excellent,0,0,0,1978.99,0.2718
CUST000872,27,Male,Retired,13591.32,319,7049.26,14.43,48,Poor,74,0,0,194.14,0.1714
CUST000873,23,Male,Employed,67792.01,533,15553.76,7.63,60,Poor,81,1,0,312.64,0.0553
CUST000874,41,Female,Employed,35428.03,450,8946.94,13.73,24,Poor,101,1,0,428.43,0.1451
CUST000875,49,Male,Unemployed,24425.69,460,13901.9,12.59,36,Very Poor,245,2,0,465.69,0.2288
CUST000876,32,Male,Employed,77209.12,683,22329.65,8.69,24,Good,0,0,1,1016.98,0.1581
CUST000877,25,Female,Self-employed,137321.4,779,131246.38,5.29,12,Good,2,0,1,11253.02,0.9834
CUST000878,36,Male,Retired,61319.24,595,31940.81,9.59,24,Good,0,0,1,1467.92,0.2873
CUST000879,27,Male,Unemployed,13342.29,350,5861.5,14.28,12,Fair,0,2,1,527.05,0.474
CUST000880,51,Female,Self-employed,42547.58,468,25553.54,11.71,48,Fair,0,1,1,669.26,0.1888
CUST000881,59,Male,Employed,71313.74,610,32959.09,7.63,48,Poor,44,0,0,798.9,0.1344
CUST000882,23,Female,Employed,58785.37,511,40540.27,13.93,60,Very Poor,93,1,0,941.88,0.1923
CUST000883,36,Female,Self-employed,121534.65,840,128405.08,6.02,24,Excellent,0,1,1,5692.01,0.562
CUST000884,32,Female,Unemployed,-6663.81,344,3564.67,14.62,24,Poor,5,2,0,172.2,-0.3101
CUST000885,29,Female,Employed,103761.14,788,5247.33,7.44,12,Excellent,0,0,1,455.1,0.0526
CUST000886,47,Male,Employed,70639.81,490,50369.04,12.19,48,Very Poor,47,2,0,1331.1,0.2261
CUST000887,26,Female,Employed,43739.76,463,27886.88,11.36,12,Very Poor,139,3,0,2469.36,0.6775
CUST000888,27,Male,Employed,74679.78,501,7772.23,12.6,48,Poor,31,1,0,206.95,0.0333
CUST000889,47,Male,Self-employed,113922.64,717,94843.1,8.27,12,Good,0,0,1,8262.11,0.8703
CUST000890,25,Male,Employed,62286.94,429,21296.22,12.02,48,Fair,32,3,0,560.97,0.1081
CUST000891,40,Male,Unemployed,-2649.2,311,3353.29,15.0,12,Poor,92,2,0,302.66,-1.371
CUST000892,41,Male,Self-employed,66184.59,575,48502.31,9.76,48,Fair,0,0,1,1224.55,0.222
CUST000893,54,Male,Employed,80787.9,601,17587.17,9.74,12,Good,8,0,1,1544.03,0.2293
CUST000894,41,Male,Employed,69933.29,540,52092.67,11.24,24,Very Poor,181,1,0,2433.64,0.4176
CUST000895,33,Male,Employed,56869.86,543,13161.74,11.95,60,Poor,77,0,1,292.45,0.0617
CUST000896,22,Male,Employed,86166.32,594,46660.84,9.01,12,Poor,71,3,0,4080.74,0.5683
CUST000897,47,Male,Self-employed,97179.18,634,23242.95,9.29,60,Good,0,0,0,485.79,0.06
CUST000898,35,Female,Self-employed,99490.17,637,50939.85,10.89,24,Fair,17,1,0,2371.56,0.286
CUST000899,59,Female,Self-employed,62680.96,540,35121.33,10.46,24,Poor,92,0,0,1628.14,0.3117
CUST000900,58,Female,Employed,49852.33,470,10687.17,12.11,48,Fair,0,1,0,281.99,0.0679
CUST000901,32,Male,Employed,26000.81,384,10505.71,15.0,60,Poor,28,0,0,249.93,0.1153
CUST000902,57,Female,Self-employed,67218.25,594,29324.84,10.29,36,Good,25,0,0,950.26,0.1696
CUST000903,34,Female,Employed,78707.84,662,9821.61,6.94,48,Excellent,0,0,1,234.94,0.0358
CUST000904,64,Female,Employed,55918.13,596,39722.22,8.82,60,Good,0,0,1,821.15,0.1762
CUST000905,24,Male,Employed,68910.78,578,22453.22,10.64,12,Good,0,0,1,1980.63,0.3449
CUST000906,54,Male,Self-employed,108335.98,750,66205.84,7.24,12,Good,0,0,1,5735.94,0.6354
CUST000907,27,Male,Employed,67456.66,579,31187.07,10.09,24,Good,0,0,1,1440.42,0.2562
CUST000908,31,Male,Self-employed,89115.44,572,39940.04,12.22,36,Fair,26,0,1,1330.7,0.1792
CUST000909,26,Female,Retired,19632.66,360,5665.01,13.29,12,Poor,23,2,0,506.76,0.3097
CUST000910,44,Female,Employed,53548.7,495,19423.4,11.38,60,Poor,17,1,0,426.0,0.0955
CUST000911,31,Female,Employed,94532.53,652,41828.92,6.64,60,Fair,24,0,1,821.12,0.1042
CUST000912,23,Female,Employed,62075.94,546,37282.84,11.69,12,Poor,103,1,0,3307.09,0.6393
CUST000913,34,Male,Unemployed,33967.38,424,19229.02,11.95,60,Poor,57,1,0,427.22,0.1509
CUST000914,61,Male,Employed,45537.69,432,18537.68,13.66,60,Fair,6,1,0,428.05,0.1128
CUST000915,23,Male,Employed,64678.95,551,9030.1,11.39,24,Fair,0,0,1,422.5,0.0784
CUST000916,41,Female,Employed,52346.43,477,12596.61,14.13,36,Very Poor,60,2,0,431.32,0.0989
CUST000917,22,Male,Self-employed,92759.54,540,16144.71,11.29,24,Poor,27,2,0,754.61,0.0976
CUST000918,58,Male,Employed,77900.17,541,11983.06,10.26,36,Fair,0,0,0,388.14,0.0598
CUST000919,30,Female,Self-employed,93073.98,676,35263.0,8.62,60,Excellent,0,0,1,725.47,0.0935
CUST000920,38,Female,Unemployed,25418.52,456,7838.59,11.4,36,Poor,98,2,0,258.13,0.1219
CUST000921,30,Male,Employed,59736.54,417,12223.83,13.19,60,Poor,76,2,0,279.33,0.0561
CUST000922,32,Male,Self-employed,69284.15,533,7659.95,10.56,60,Poor,68,2,0,164.88,0.0286
CUST000923,36,Male,Employed,24836.14,420,5193.03,12.75,24,Fair,25,1,1,246.27,0.119
CUST000924,45,Male,Unemployed,21384.51,429,5918.51,11.76,24,Very Poor,152,1,0,277.93,0.156
CUST000925,59,Male,Self-employed,80165.52,599,15897.03,9.86,48,Good,10,1,1,402.15,0.0602
CUST000926,56,Male,Unemployed,14320.85,323,6098.12,15.0,12,Fair,0,2,0,550.41,0.4612
CUST000927,51,Female,Employed,56183.65,585,26406.05,8.17,48,Fair,20,0,0,646.71,0.1381
CUST000928,52,Female,Employed,59262.41,576,11168.34,9.29,48,Good,0,1,1,279.48,0.0566
CUST000929,26,Female,Employed,55275.28,564,21908.71,10.37,36,Good,19,0,1,710.72,0.1543
CUST000930,35,Male,Employed,49439.32,474,15197.85,9.49,60,Fair,58,1,0,319.1,0.0775
CUST000931,32,Female,Employed,64791.78,614,14415.27,11.03,60,Fair,42,0,0,313.65,0.0581
CUST000932,30,Male,Employed,69683.18,481,5305.64,11.0,60,Very Poor,311,0,0,115.35,0.0199
CUST000933,55,Male,Employed,44588.64,534,18809.4,9.81,12,Very Poor,89,0,1,1651.96,0.4446
CUST000934,33,Female,Employed,51985.29,504,27948.16,11.08,36,Poor,30,2,0,916.09,0.2115
CUST000935,56,Male,Self-employed,68861.35,581,16810.64,10.03,36,Good,0,0,1,542.66,0.0946
CUST000936,56,Male,Employed,60096.27,493,10100.07,10.73,60,Poor,68,2,0,218.26,0.0436
CUST000937,22,Female,Employed,57436.29,439,34370.58,13.45,48,Poor,12,3,0,929.83,0.1943
CUST000938,61,Female,Employed,73194.42,598,20747.46,9.98,12,Fair,14,0,1,1823.85,0.299
CUST000939,43,Female,Employed,26952.66,435,7852.64,11.71,48,Fair,0,1,1,205.67,0.0916
CUST000940,50,Male,Retired,17874.44,406,10285.09,12.55,24,Fair,56,2,0,486.8,0.3268
CUST000941,29,Female,Employed,63871.39,585,44508.27,8.3,36,Fair,53,0,0,1400.92,0.2632
CUST000942,32,Female,Self-employed,56919.42,546,22903.76,9.27,36,Poor,7,2,1,731.26,0.1542
CUST000943,62,Male,Retired,53263.63,466,20672.22,12.37,48,Very Poor,30,1,0,548.14,0.1235
CUST000944,58,Female,Self-employed,110094.03,778,29378.87,5.48,12,Excellent,0,0,1,2521.55,0.2748
CUST000945,35,Female,Self-employed,82012.42,576,9904.51,11.79,36,Good,1,0,1,327.96,0.048
CUST000946,51,Female,Self-employed,42840.75,526,20947.7,10.96,48,Poor,39,3,0,541.02,0.1515
CUST000947,56,Male,Retired,55818.9,519,8667.38,9.67,12,Poor,69,1,1,760.65,0.1635
CUST000948,42,Male,Employed,63978.05,553,25680.96,9.26,48,Good,0,1,1,642.21,0.1205
CUST000949,58,Male,Employed,30261.28,464,20019.07,13.07,12,Fair,28,1,1,1788.72,0.7093
CUST000950,26,Male,Employed,32029.61,478,21886.3,11.69,60,Fair,15,3,0,483.4,0.1811
CUST000951,40,Female,Employed,90338.94,699,24763.01,8.74,12,Excellent,0,0,1,2162.55,0.2873
CUST000952,35,Male,Employed,87022.72,607,48651.69,9.05,24,Fair,21,0,1,2223.79,0.3067
CUST000953,47,Male,Employed,9657.14,376,5328.08,13.06,60,Very Poor,200,2,0,121.39,0.1508
CUST000954,25,Female,Employed,32844.18,390,18047.45,14.48,48,Poor,31,1,0,497.56,0.1818
CUST000955,46,Female,Employed,82817.11,670,24667.43,7.41,60,Good,0,0,1,493.28,0.0715
CUST000956,63,Female,Employed,59630.15,467,5135.25,12.45,60,Poor,9,0,0,115.41,0.0232
CUST000957,46,Male,Employed,74036.99,591,14325.37,9.5,48,Fair,0,0,1,359.88,0.0583
CUST000958,39,Male,Employed,58760.95,493,18184.93,12.37,48,Fair,14,1,0,482.19,0.0985
CUST000959,61,Male,Employed,73089.85,635,24054.06,10.73,24,Fair,0,0,0,1118.07,0.1836
CUST000960,29,Female,Employed,60116.67,596,41397.22,9.23,48,Fair,8,0,1,1034.62,0.2065
CUST000961,60,Female,Self-employed,61871.75,557,35382.26,9.78,36,Good,0,0,0,1138.04,0.2207
CUST000962,61,Male,Employed,81174.88,633,25186.77,9.61,36,Fair,13,1,1,808.12,0.1195
CUST000963,35,Female,Employed,64041.09,591,27404.36,8.63,24,Fair,0,0,0,1247.28,0.2337
CUST000964,53,Female,Self-employed,94571.66,734,13655.08,8.73,12,Excellent,0,1,1,1192.42,0.1513
CUST000965,59,Female,Employed,63148.96,554,45816.15,11.83,12,Good,0,0,1,4067.02,0.7728
CUST000966,54,Male,Employed,50272.86,476,33573.37,10.8,36,Poor,5,0,1,1095.99,0.2616
CUST000967,44,Female,Unemployed,31083.89,456,20918.63,10.58,48,Poor,53,1,1,536.4,0.2071
CUST000968,36,Female,Unemployed,18549.68,300,8712.93,13.84,24,Fair,0,2,0,417.67,0.2702
CUST000969,54,Male,Employed,52899.03,557,11513.74,9.18,12,Good,0,0,0,1007.86,0.2286
CUST000970,46,Male,Employed,85566.59,606,8168.49,10.24,12,Fair,10,0,1,719.05,0.1008
CUST000971,38,Female,Retired,20187.64,368,8888.42,15.0,60,Fair,0,0,0,211.45,0.1257
CUST000972,54,Female,Employed,104725.67,764,100395.27,7.35,36,Excellent,0,0,1,3116.18,0.3571
CUST000973,23,Male,Employed,56417.0,504,11517.41,11.05,48,Poor,101,1,0,297.98,0.0634
CUST000974,35,Male,Self-employed,36959.57,480,5150.06,12.07,24,Fair,12,1,1,242.6,0.0788
CUST000975,61,Female,Employed,98118.83,749,82238.4,5.97,12,Excellent,0,0,1,7076.7,0.8655
CUST000976,61,Female,Employed,50736.65,508,7517.66,12.32,60,Poor,76,2,0,168.43,0.0398
CUST000977,60,Female,Employed,64864.89,575,25030.88,10.43,36,Good,0,0,1,812.76,0.1504
CUST000978,27,Female,Self-employed,96530.72,680,63669.63,8.86,36,Excellent,0,0,1,2020.65,0.2512
CUST000979,27,Male,Employed,83683.45,640,21650.45,8.09,24,Fair,0,0,1,980.09,0.1405
CUST000980,24,Female,Self-employed,83993.24,580,10429.44,9.74,12,Fair,6,0,1,915.65,0.1308
CUST000981,28,Female,Employed,47053.69,473,26640.41,12.58,24,Poor,92,1,0,1261.28,0.3217
CUST000982,29,Male,Employed,64379.85,493,31346.32,12.93,24,Fair,0,0,1,1489.3,0.2776
CUST000983,63,Female,Employed,51613.69,461,35231.09,11.46,60,Poor,115,1,0,774.2,0.18
CUST000984,36,Male,Self-employed,82470.35,529,25126.06,11.62,36,Poor,99,2,0,829.95,0.1208
CUST000985,50,Female,Employed,92562.99,683,10125.62,7.32,48,Poor,6,1,1,244.0,0.0316
CUST000986,54,Female,Employed,75118.5,685,53895.61,10.12,36,Good,0,0,1,1742.03,0.2783
CUST000987,51,Male,Unemployed,17066.46,345,7314.8,13.77,36,Fair,0,1,1,249.18,0.1752
CUST000988,60,Male,Employed,74769.82,647,18412.36,9.33,60,Fair,19,0,1,385.21,0.0618
CUST000989,48,Female,Retired,52151.21,564,34137.51,10.37,48,Fair,0,1,1,871.82,0.2006
CUST000990,57,Female,Employed,38442.52,393,8754.67,15.0,12,Poor,73,2,0,790.18,0.2467
CUST000991,50,Female,Self-employed,76251.68,555,19597.4,10.59,48,Poor,16,1,0,502.65,0.0791
CUST000992,59,Male,Employed,111250.55,794,15666.83,5.5,12,Excellent,0,0,1,1344.81,0.1451
CUST000993,54,Female,Unemployed,27128.21,403,9733.83,13.77,48,Fair,0,1,0,264.85,0.1172
CUST000994,58,Male,Employed,49931.29,435,16686.41,13.16,24,Poor,15,2,0,794.58,0.191
CUST000995,48,Male,Employed,47935.84,459,19374.15,11.95,48,Fair,0,0,1,509.74,0.1276
CUST000996,54,Female,Employed,47269.49,510,26490.89,10.09,60,Poor,14,3,0,563.99,0.1432
CUST000997,25,Male,Employed,77326.4,569,57675.93,9.58,12,Fair,55,0,1,5059.4,0.7851
CUST000998,43,Female,Employed,92152.82,529,14077.15,11.72,36,Poor,84,2,0,465.67,0.0606
CUST000999,23,Female,Unemployed,20821.67,367,5383.27,12.03,60,Fair,14,0,0,119.84,0.0691
CUST001000,31,Female,Employed,63143.25,540,5822.79,10.39,12,Poor,100,2,0,512.97,0.0975
